;freq;nrg_bal;siec;unit;geo\TIME_PERIOD;2006;2007;2008;2009;2010;2011;2012;2013;2014;2015;2016;2017
AL;;;;;;;;;;;;;;;;;
;A;FC_E;TOTAL;KTOE;AL;1685.582;1672.393;1740.442;1840.737;1897.918;1953.468;1790.583;1961.866;2058.559;1963.484;1883.404;2071.754
;A;FC_IND_E;TOTAL;KTOE;AL;267.587;258.050;228.550;282.307;354.766;379.510;276.800;281.446;372.753;302.114;283.644;398.286
;A;FC_OTH_CP_E;TOTAL;KTOE;AL;145.967;100.258;161.636;173.753;159.469;163.473;157.272;190.984;179.239;196.902;175.590;213.657
;A;FC_OTH_HH_E;TOTAL;KTOE;AL;451.947;423.106;445.281;487.171;489.039;498.280;509.086;580.003;556.243;532.287;486.135;492.580
;A;FC_TRA_E;TOTAL;KTOE;AL;636.304;689.281;745.409;754.562;732.789;768.010;737.022;804.074;833.978;829.298;832.543;831.899
AT;;;;;;;;;;;;;;;;;
;A;FC_E;TOTAL;KTOE;AT;25366.611;24903.452;24915.586;24311.062;25554.017;24633.736;24594.842;25659.735;24739.792;25306.309;25708.150;26212.918
;A;FC_IND_E;TOTAL;KTOE;AT;7268.172;7382.006;7299.864;7126.845;7493.724;7537.945;7504.294;7769.701;7755.664;7602.740;7810.002;8052.275
;A;FC_OTH_CP_E;TOTAL;KTOE;AT;3028.065;2703.815;2970.805;2637.072;2759.690;2570.369;2512.620;2397.409;2364.381;2418.361;2347.229;2386.569
;A;FC_OTH_HH_E;TOTAL;KTOE;AT;6299.961;5922.831;6016.250;6139.835;6631.443;6152.510;6288.424;6763.764;5946.364;6341.425;6519.569;6594.461
;A;FC_TRA_E;TOTAL;KTOE;AT;8275.004;8398.998;8128.274;7910.758;8162.129;7873.388;7794.607;8197.601;8170.653;8428.995;8510.795;8656.768
BA;;;;;;;;;;;;;;;;;
;A;FC_E;TOTAL;KTOE;BA;: ;: ;: ;: ;: ;: ;: ;: ;3103.624;3316.907;3543.934;3498.190
;A;FC_IND_E;TOTAL;KTOE;BA;: ;: ;: ;: ;: ;: ;: ;: ;717.286;756.627;754.104;829.078
;A;FC_OTH_CP_E;TOTAL;KTOE;BA;: ;: ;: ;: ;: ;: ;: ;: ;163.649;357.703;435.411;355.674
;A;FC_OTH_HH_E;TOTAL;KTOE;BA;: ;: ;: ;: ;: ;: ;: ;: ;980.816;1113.030;1139.361;1045.706
;A;FC_TRA_E;TOTAL;KTOE;BA;: ;: ;: ;: ;: ;: ;: ;: ;988.905;1030.976;1196.912;1248.922
BE;;;;;;;;;;;;;;;;;
;A;FC_E;TOTAL;KTOE;BE;33938.172;32854.962;33957.746;32956.989;35025.296;32259.801;32620.978;33875.950;31574.337;33108.293;33458.369;32887.979
;A;FC_IND_E;TOTAL;KTOE;BE;10905.532;10692.860;10280.096;9988.049;10760.367;10330.992;10461.068;10647.043;10605.987;10578.083;10688.319;10494.617
;A;FC_OTH_CP_E;TOTAL;KTOE;BE;4290.811;3886.042;4671.579;4541.047;4943.736;4398.899;4508.188;4900.787;4230.196;4588.814;4651.183;4595.753
;A;FC_OTH_HH_E;TOTAL;KTOE;BE;8987.051;8319.442;8990.051;8537.230;9527.492;7986.877;8360.865;9070.579;7469.054;8262.556;8293.260;8108.510
;A;FC_TRA_E;TOTAL;KTOE;BE;8798.025;9067.166;9084.942;8939.284;8970.840;8819.622;8543.919;8393.147;8518.888;8919.179;9007.404;8856.394
BG;;;;;;;;;;;;;;;;;
;A;FC_E;TOTAL;KTOE;BG;9953.137;9824.988;9625.120;8475.869;8710.128;9130.172;9118.436;8670.951;8884.159;9389.585;9517.547;9738.327
;A;FC_IND_E;TOTAL;KTOE;BG;3680.955;3811.005;3457.702;2446.271;2560.844;2701.602;2581.836;2585.916;2620.330;2713.342;2641.470;2721.307
;A;FC_OTH_CP_E;TOTAL;KTOE;BG;963.008;918.492;982.114;969.771;1026.534;1089.644;1069.506;1029.630;991.857;1085.994;1171.678;1199.546
;A;FC_OTH_HH_E;TOTAL;KTOE;BG;2158.268;2061.670;2113.463;2114.012;2243.337;2374.281;2352.559;2241.036;2164.991;2192.911;2252.111;2318.715
;A;FC_TRA_E;TOTAL;KTOE;BG;2855.794;2767.058;2884.268;2761.502;2694.750;2759.922;2914.389;2620.338;2916.483;3211.582;3267.027;3325.230
CY;;;;;;;;;;;;;;;;;
;A;FC_E;TOTAL;KTOE;CY;1549.234;1625.838;1670.495;1655.552;1641.926;1609.426;1486.580;1367.072;1373.469;1414.653;1481.494;1536.481
;A;FC_IND_E;TOTAL;KTOE;CY;286.120;294.967;297.132;260.771;235.606;208.703;171.792;184.465;223.939;209.944;213.745;229.533
;A;FC_OTH_CP_E;TOTAL;KTOE;CY;205.928;216.295;229.966;235.953;248.435;236.544;222.828;203.306;200.670;206.862;225.565;229.519
;A;FC_OTH_HH_E;TOTAL;KTOE;CY;328.301;339.644;333.109;352.311;332.475;351.565;345.358;301.052;289.677;317.128;326.264;336.715
;A;FC_TRA_E;TOTAL;KTOE;CY;673.495;719.442;747.587;749.520;765.447;744.315;687.941;619.936;599.542;621.949;654.046;676.582
CZ;;;;;;;;;;;;;;;;;
;A;FC_E;TOTAL;KTOE;CZ;25310.237;24775.845;24763.641;23950.743;24123.216;23336.772;23316.958;23114.925;22426.342;23078.719;23672.623;24406.123
;A;FC_IND_E;TOTAL;KTOE;CZ;8625.490;8303.484;7945.716;7353.771;6886.160;6766.878;6716.726;6415.130;6317.997;6462.567;6395.924;6701.435
;A;FC_OTH_CP_E;TOTAL;KTOE;CZ;3062.174;2929.001;3124.512;2945.828;3252.015;3136.715;3043.680;3014.379;2927.603;2983.545;3099.134;3189.409
;A;FC_OTH_HH_E;TOTAL;KTOE;CZ;6788.439;6416.211;6514.400;6658.322;7442.367;6864.389;7111.719;7259.983;6543.656;6757.329;7076.245;7187.047
;A;FC_TRA_E;TOTAL;KTOE;CZ;5998.716;6335.388;6359.854;6254.716;5916.110;5935.592;5788.889;5738.681;5948.768;6195.220;6417.093;6616.356
DE;;;;;;;;;;;;;;;;;
;A;FC_E;TOTAL;KTOE;DE;210776.286;197039.734;204361.744;194003.663;206425.205;196229.513;198382.320;203743.918;195021.898;198392.187;202534.404;204604.367
;A;FC_IND_E;TOTAL;KTOE;DE;55071.647;57342.826;56395.879;49984.775;55261.458;55929.885;55087.966;55145.270;54857.548;55230.717;55832.872;56272.562
;A;FC_OTH_CP_E;TOTAL;KTOE;DE;35960.574;30824.142;33732.323;32773.357;35355.811;31909.485;33249.051;34488.878;33042.933;34715.841;34000.502;34451.740
;A;FC_OTH_HH_E;TOTAL;KTOE;DE;63908.718;54446.226;60608.138;58525.916;62475.381;54577.626;56624.271;59711.098;51526.068;53170.322;56039.762;56552.299
;A;FC_TRA_E;TOTAL;KTOE;DE;55566.059;54232.484;53449.747;52546.003;53154.905;53651.194;53263.995;54252.816;55466.434;55157.730;56555.618;57242.588
DK;;;;;;;;;;;;;;;;;
;A;FC_E;TOTAL;KTOE;DK;14901.512;14940.069;14752.388;14142.444;14846.897;14113.571;13550.043;13385.050;12860.737;13342.372;13707.336;13861.642
;A;FC_IND_E;TOTAL;KTOE;DK;2914.177;2832.359;2717.254;2353.084;2447.222;2442.841;2303.657;2179.895;2123.446;2164.802;2243.208;2344.013
;A;FC_OTH_CP_E;TOTAL;KTOE;DK;2035.764;2005.903;2014.466;1995.647;2128.257;1947.911;1978.530;1964.493;1847.494;1900.449;1951.682;2009.709
;A;FC_OTH_HH_E;TOTAL;KTOE;DK;4514.733;4515.458;4500.026;4509.291;5004.212;4495.897;4444.487;4483.216;4145.954;4443.019;4594.598;4545.153
;A;FC_TRA_E;TOTAL;KTOE;DK;4527.259;4719.278;4641.185;4410.655;4369.391;4376.218;4019.235;3946.762;3980.064;4053.591;4142.361;4219.889
EA19;;;;;;;;;;;;;;;;;
;A;FC_E;TOTAL;KTOE;EA19;797417.643;780094.057;786896.264;749102.174;777089.427;738385.479;738025.894;740829.435;706531.719;721928.438;733787.390;741689.770
;A;FC_IND_E;TOTAL;KTOE;EA19;214536.093;219451.272;212332.955;183534.365;195084.909;193087.667;189099.780;186918.195;184610.228;183862.396;186481.915;187950.134
;A;FC_OTH_CP_E;TOTAL;KTOE;EA19;108171.340;102650.451;109728.614;109853.564;115253.201;105992.284;109439.307;111087.394;103641.860;109312.130;109850.162;113618.432
;A;FC_OTH_HH_E;TOTAL;KTOE;EA19;205743.051;191762.376;204672.627;203132.889;214185.251;190006.387;198838.844;203296.171;176970.832;186024.352;191998.995;193042.911
;A;FC_TRA_E;TOTAL;KTOE;EA19;242276.628;244407.739;238830.168;231599.080;230994.601;228922.900;220426.090;218984.055;221359.857;223169.208;226542.536;228204.373
EE;;;;;;;;;;;;;;;;;
;A;FC_E;TOTAL;KTOE;EE;2845.492;3049.536;3035.544;2730.945;2869.038;2800.061;2832.458;2841.207;2769.388;2734.082;2782.561;2805.780
;A;FC_IND_E;TOTAL;KTOE;EE;692.542;771.683;756.280;538.805;574.594;606.819;572.727;644.304;554.780;523.574;453.187;456.230
;A;FC_OTH_CP_E;TOTAL;KTOE;EE;393.581;401.280;433.792;418.577;424.239;402.177;423.519;417.892;457.642;465.394;494.174;471.298
;A;FC_OTH_HH_E;TOTAL;KTOE;EE;881.415;961.705;952.197;970.068;1026.849;935.253;970.828;933.506;888.143;857.435;930.578;942.495
;A;FC_TRA_E;TOTAL;KTOE;EE;778.281;820.519;797.189;710.703;748.235;746.862;754.566;735.383;737.588;755.203;776.862;802.772
EL;;;;;;;;;;;;;;;;;
;A;FC_E;TOTAL;KTOE;EL;20593.657;21068.219;20354.732;19653.105;18282.036;18098.630;16310.219;14608.463;14742.647;15678.203;15815.005;16054.234
;A;FC_IND_E;TOTAL;KTOE;EL;4241.297;4616.941;4230.259;3461.053;3471.477;3322.487;2991.578;2835.194;3087.964;3128.090;3072.764;3096.274
;A;FC_OTH_CP_E;TOTAL;KTOE;EL;2084.518;2143.262;2225.373;2148.407;1952.131;1867.847;1936.985;1818.441;1711.758;1872.619;2035.163;2191.693
;A;FC_OTH_HH_E;TOTAL;KTOE;EL;5512.991;5395.865;5229.914;4835.560;4615.023;5469.890;5039.435;3763.988;3786.023;4400.486;4287.223;4413.305
;A;FC_TRA_E;TOTAL;KTOE;EL;7571.885;7806.788;7570.462;8333.517;7443.210;6677.580;5587.602;5608.770;5635.497;5753.399;5897.048;5815.313
ES;;;;;;;;;;;;;;;;;
;A;FC_E;TOTAL;KTOE;ES;91561.026;93937.419;90434.218;83936.267;85156.547;81957.200;78446.010;75859.230;74943.175;75960.969;78005.390;79397.426
;A;FC_IND_E;TOTAL;KTOE;ES;24615.634;26627.198;25076.089;20693.264;20776.975;20602.546;20088.387;19587.584;19293.488;18205.959;18378.539;18973.788
;A;FC_OTH_CP_E;TOTAL;KTOE;ES;8937.271;8828.268;9306.095;9414.431;9806.087;10197.481;10036.261;9595.893;8924.074;10268.907;10892.591;10412.985
;A;FC_OTH_HH_E;TOTAL;KTOE;ES;15629.050;15672.903;15542.505;15967.814;16964.172;15662.135;15559.386;14918.154;14814.004;14998.213;15208.781;15435.162
;A;FC_TRA_E;TOTAL;KTOE;ES;37870.440;38898.001;37022.456;34531.317;33877.104;32058.462;29298.283;28058.785;28223.339;29517.952;30643.218;31722.806
EU28;;;;;;;;;;;;;;;;;
;A;FC_E;TOTAL;KTOE;EU28;1123359.479;1101852.292;1108937.482;1056268.050;1098612.491;1045569.746;1047081.027;1046940.430;1001628.182;1024858.172;1046348.137;1060037.262
;A;FC_IND_E;TOTAL;KTOE;EU28;299397.496;303830.720;293523.255;253501.013;267927.058;265388.063;260168.542;257899.354;254669.213;254519.364;257056.348;261036.787
;A;FC_OTH_CP_E;TOTAL;KTOE;EU28;147980.080;140896.777;150111.919;149209.293;157281.123;145453.358;149063.910;150558.334;141319.489;148721.730;151104.566;154040.559
;A;FC_OTH_HH_E;TOTAL;KTOE;EU28;307029.899;288626.624;303302.707;301625.925;321912.310;286155.342;299296.798;303071.450;266740.052;278601.141;287630.072;287974.976
;A;FC_TRA_E;TOTAL;KTOE;EU28;331538.545;336473.803;330408.796;321738.215;320441.754;317939.767;307979.439;304488.452;308811.267;313269.738;320824.853;326872.120
FI;;;;;;;;;;;;;;;;;
;A;FC_E;TOTAL;KTOE;FI;25234.020;25276.628;24372.890;22844.480;25091.360;23761.531;23975.688;23567.053;23420.584;23052.168;23991.215;24639.947
;A;FC_IND_E;TOTAL;KTOE;FI;12152.857;11888.187;11252.188;9377.463;10719.081;10521.338;10236.074;10277.700;10227.572;10213.923;10527.166;10718.873
;A;FC_OTH_CP_E;TOTAL;KTOE;FI;2677.858;2677.475;2671.576;2890.166;3100.556;2866.080;3029.771;2907.424;2890.289;2734.995;2877.487;2971.509
;A;FC_OTH_HH_E;TOTAL;KTOE;FI;5121.785;5123.724;5040.793;5299.470;5870.618;5138.582;5492.235;5172.739;5126.204;4951.821;5342.289;5762.752
;A;FC_TRA_E;TOTAL;KTOE;FI;4283.474;4396.970;4259.175;4132.270;4304.869;4300.553;4197.665;4209.858;4111.119;4105.342;4178.092;4194.007
FR;;;;;;;;;;;;;;;;;
;A;FC_E;TOTAL;KTOE;FR;148104.159;144262.462;146730.638;142213.649;146311.469;138582.354;143561.684;146209.102;135568.832;138700.012;141229.914;141002.846
;A;FC_IND_E;TOTAL;KTOE;FR;31298.899;32213.063;31703.038;26277.930;27739.013;27815.229;27494.422;27380.343;26381.555;26066.022;26807.799;26538.909
;A;FC_OTH_CP_E;TOTAL;KTOE;FR;20318.067;21247.115;21491.272;22891.215;24102.881;21922.547;23562.454;24284.462;22290.610;23182.596;23450.913;23831.532
;A;FC_OTH_HH_E;TOTAL;KTOE;FR;42393.368;40421.276;44171.668;43977.027;45407.601;38747.048;42736.733;44911.199;37128.837;39242.054;41339.048;40649.219
;A;FC_TRA_E;TOTAL;KTOE;FR;44563.113;44968.910;43878.280;43544.414;43568.598;44634.826;44533.792;44234.364;44463.214;44918.855;45018.667;45359.508
GE;;;;;;;;;;;;;;;;;
;A;FC_E;TOTAL;KTOE;GE;: ;: ;: ;: ;: ;: ;: ;3248.490;3625.486;3766.343;4029.368;4044.927
;A;FC_IND_E;TOTAL;KTOE;GE;: ;: ;: ;: ;: ;: ;: ;644.921;677.945;693.166;679.504;758.151
;A;FC_OTH_CP_E;TOTAL;KTOE;GE;: ;: ;: ;: ;: ;: ;: ;338.852;431.765;404.281;435.247;451.667
;A;FC_OTH_HH_E;TOTAL;KTOE;GE;: ;: ;: ;: ;: ;: ;: ;1103.041;1191.459;1207.684;1272.917;1330.944
;A;FC_TRA_E;TOTAL;KTOE;GE;: ;: ;: ;: ;: ;: ;: ;1011.293;1170.835;1287.874;1447.552;1301.539
HR;;;;;;;;;;;;;;;;;
;A;FC_E;TOTAL;KTOE;HR;7169.431;7193.721;7297.672;7085.585;7114.487;6860.566;6544.744;6452.842;6118.214;6469.301;6515.750;6776.475
;A;FC_IND_E;TOTAL;KTOE;HR;1623.647;1665.102;1680.259;1413.358;1366.838;1286.279;1137.821;1116.754;1097.794;1090.103;1087.471;1179.516
;A;FC_OTH_CP_E;TOTAL;KTOE;HR;693.422;689.340;731.347;737.521;776.246;763.091;733.422;713.823;675.917;742.934;762.647;800.490
;A;FC_OTH_HH_E;TOTAL;KTOE;HR;2653.716;2521.619;2580.316;2632.193;2755.586;2629.412;2547.055;2478.010;2215.953;2414.978;2393.124;2376.854
;A;FC_TRA_E;TOTAL;KTOE;HR;1954.563;2078.474;2051.038;2052.745;1971.023;1932.673;1896.401;1917.120;1894.427;1990.688;2039.036;2189.046
HU;;;;;;;;;;;;;;;;;
;A;FC_E;TOTAL;KTOE;HU;17883.269;16884.828;16868.319;16562.120;16879.616;16917.517;16003.531;16255.431;15832.197;16910.578;17412.194;17975.000
;A;FC_IND_E;TOTAL;KTOE;HU;3117.723;3073.725;3081.380;2424.570;2604.791;2998.149;3182.392;3725.701;3761.514;3948.171;4045.242;4347.213
;A;FC_OTH_CP_E;TOTAL;KTOE;HU;3182.934;2796.982;2741.319;2903.651;3048.640;3053.612;2353.881;2337.107;2114.780;2203.657;2183.456;2155.651
;A;FC_OTH_HH_E;TOTAL;KTOE;HU;6713.445;6117.605;6017.799;6311.473;6648.743;6569.577;6375.847;6209.747;5487.452;5969.813;6156.505;6298.532
;A;FC_TRA_E;TOTAL;KTOE;HU;4318.788;4398.154;4501.063;4480.534;4089.374;3812.948;3692.233;3459.986;3873.295;4181.253;4342.493;4525.751
IE;;;;;;;;;;;;;;;;;
;A;FC_E;TOTAL;KTOE;IE;12478.494;12344.780;12424.701;11354.121;11269.218;10252.307;10089.413;10143.965;10082.250;10372.452;10727.460;10741.473
;A;FC_IND_E;TOTAL;KTOE;IE;2761.863;2471.178;2443.172;2105.992;2144.841;2230.683;2192.999;2185.255;2240.356;2385.084;2438.395;2509.525
;A;FC_OTH_CP_E;TOTAL;KTOE;IE;1570.424;1673.413;1779.481;1569.667;1498.094;1310.191;1310.188;1279.768;1212.670;1257.135;1320.071;1373.507
;A;FC_OTH_HH_E;TOTAL;KTOE;IE;3077.171;2951.642;3197.173;3136.005;3288.719;2760.442;2735.426;2794.675;2582.925;2703.475;2660.080;2579.220
;A;FC_TRA_E;TOTAL;KTOE;IE;4705.983;4908.628;4663.871;4240.016;4036.157;3675.444;3583.530;3625.271;3798.681;3785.347;4081.985;4042.982
IS;;;;;;;;;;;;;;;;;
;A;FC_E;TOTAL;KTOE;IS;2000.793;2197.049;2536.431;2563.602;2517.495;2521.164;2600.490;2706.783;2739.760;2848.968;2985.402;2971.141
;A;FC_IND_E;TOTAL;KTOE;IS;816.502;958.277;1299.751;1307.810;1299.919;1324.183;1359.322;1424.410;1442.055;1460.048;1444.185;1500.751
;A;FC_OTH_CP_E;TOTAL;KTOE;IS;278.356;291.982;306.585;303.427;302.565;301.744;324.883;333.381;363.777;396.585;453.659;399.349
;A;FC_OTH_HH_E;TOTAL;KTOE;IS;343.926;359.953;374.955;375.096;377.577;370.818;400.502;399.164;384.786;392.472;474.549;423.601
;A;FC_TRA_E;TOTAL;KTOE;IS;303.736;324.938;308.092;299.921;284.454;275.915;270.221;277.386;278.626;300.891;329.843;357.238
IT;;;;;;;;;;;;;;;;;
;A;FC_E;TOTAL;KTOE;IT;129777.938;129036.364;129077.145;121907.849;123052.729;117518.026;116559.044;114053.675;108848.350;112108.171;111554.603;113611.222
;A;FC_IND_E;TOTAL;KTOE;IT;36144.577;35907.652;34528.295;28552.887;29014.718;27744.858;26948.704;25353.587;24739.085;24853.372;25088.949;24925.749
;A;FC_OTH_CP_E;TOTAL;KTOE;IT;15568.845;15181.676;17019.079;16919.464;16978.719;15751.376;15930.534;15846.527;14666.679;15391.466;15439.966;18242.166
;A;FC_OTH_HH_E;TOTAL;KTOE;IT;32423.683;32339.575;33611.748;34040.636;35392.911;32378.063;34348.336;34230.620;29545.980;32494.483;32185.101;32898.647
;A;FC_TRA_E;TOTAL;KTOE;IT;42216.674;42314.794;40707.409;39131.363;38566.288;38572.097;36348.734;35701.272;37009.372;36374.374;35814.501;34525.408
LT;;;;;;;;;;;;;;;;;
;A;FC_E;TOTAL;KTOE;LT;4876.232;5146.091;5054.249;4606.207;4757.259;4728.244;4838.968;4712.305;4800.537;4779.510;5003.215;5241.196
;A;FC_IND_E;TOTAL;KTOE;LT;1088.041;1116.536;1010.085;872.141;949.629;1013.346;1071.759;1037.327;1033.722;982.755;988.969;1070.923
;A;FC_OTH_CP_E;TOTAL;KTOE;LT;607.527;629.697;604.183;590.787;600.700;583.961;610.064;593.023;585.668;574.923;602.552;633.866
;A;FC_OTH_HH_E;TOTAL;KTOE;LT;1568.999;1503.571;1551.803;1568.648;1593.216;1532.207;1534.798;1467.198;1400.900;1359.131;1433.211;1455.372
;A;FC_TRA_E;TOTAL;KTOE;LT;1493.684;1771.228;1768.062;1465.602;1497.054;1483.642;1508.424;1502.068;1662.623;1750.186;1864.513;1962.146
LU;;;;;;;;;;;;;;;;;
;A;FC_E;TOTAL;KTOE;LU;4005.752;3907.473;3945.254;3659.659;3897.203;3889.126;3798.659;3749.109;3599.435;3537.092;3538.289;3614.809
;A;FC_IND_E;TOTAL;KTOE;LU;849.333;807.232;786.682;675.083;754.673;725.432;679.231;646.728;656.965;645.726;674.059;641.979
;A;FC_OTH_CP_E;TOTAL;KTOE;LU;367.781;368.196;386.466;375.890;424.139;352.576;396.526;411.200;361.386;397.470;400.746;455.489
;A;FC_OTH_HH_E;TOTAL;KTOE;LU;516.409;502.277;512.068;518.407;512.977;478.244;491.099;499.204;469.378;510.939;527.365;523.167
;A;FC_TRA_E;TOTAL;KTOE;LU;2248.982;2204.811;2234.175;2060.482;2176.135;2307.877;2206.821;2165.578;2086.355;1957.925;1907.221;1968.236
LV;;;;;;;;;;;;;;;;;
;A;FC_E;TOTAL;KTOE;LV;4127.504;4273.946;4056.288;3937.475;4002.237;3751.161;3908.282;3732.245;3776.066;3680.167;3697.446;3875.198
;A;FC_IND_E;TOTAL;KTOE;LV;741.131;722.775;679.176;651.715;773.847;747.755;827.436;767.643;791.158;787.780;748.955;793.357
;A;FC_OTH_CP_E;TOTAL;KTOE;LV;635.797;683.328;609.948;572.964;597.801;556.709;623.331;600.446;608.772;586.308;592.495;608.030
;A;FC_OTH_HH_E;TOTAL;KTOE;LV;1480.648;1457.706;1451.540;1534.586;1388.905;1327.389;1376.240;1267.242;1238.471;1105.582;1143.484;1196.619
;A;FC_TRA_E;TOTAL;KTOE;LV;1112.400;1252.378;1182.956;1038.946;1083.453;964.755;929.636;939.540;982.367;1037.650;1033.562;1080.824
ME;;;;;;;;;;;;;;;;;
;A;FC_E;TOTAL;KTOE;ME;770.871;849.413;852.924;724.270;714.626;719.280;698.970;640.991;628.575;662.644;688.401;722.082
;A;FC_IND_E;TOTAL;KTOE;ME;344.448;384.858;385.846;233.276;199.250;226.735;203.208;183.351;133.191;131.817;119.841;132.328
;A;FC_OTH_CP_E;TOTAL;KTOE;ME;6.959;2.860;2.420;3.960;4.627;8.460;8.622;13.741;68.962;70.372;79.326;86.401
;A;FC_OTH_HH_E;TOTAL;KTOE;ME;247.109;245.365;251.124;266.275;274.679;268.887;281.347;269.251;256.273;265.421;264.486;263.078
;A;FC_TRA_E;TOTAL;KTOE;ME;156.399;202.390;202.038;209.464;229.896;213.102;202.848;165.309;162.866;186.645;219.419;235.525
MK;;;;;;;;;;;;;;;;;
;A;FC_E;TOTAL;KTOE;MK;1754.384;1854.545;1796.936;1672.720;1789.926;1903.210;1845.693;1814.802;1797.481;1837.589;1847.733;1866.682
;A;FC_IND_E;TOTAL;KTOE;MK;609.703;678.777;648.986;427.237;542.230;633.919;579.083;555.332;517.614;474.779;441.262;383.412
;A;FC_OTH_CP_E;TOTAL;KTOE;MK;224.147;222.759;187.531;241.709;233.908;206.178;228.654;201.851;196.034;211.872;212.934;220.938
;A;FC_OTH_HH_E;TOTAL;KTOE;MK;545.781;533.907;530.939;549.169;538.208;567.027;559.010;519.019;523.579;531.060;491.613;529.301
;A;FC_TRA_E;TOTAL;KTOE;MK;344.250;395.263;404.894;434.746;454.289;475.330;453.275;514.739;537.470;596.422;679.961;709.381
MT;;;;;;;;;;;;;;;;;
;A;FC_E;TOTAL;KTOE;MT;376.932;386.868;404.619;362.496;401.350;388.461;407.257;421.128;434.694;459.434;460.174;495.250
;A;FC_IND_E;TOTAL;KTOE;MT;55.484;57.395;59.802;51.930;44.120;39.867;43.762;42.896;45.053;45.824;44.517;57.210
;A;FC_OTH_CP_E;TOTAL;KTOE;MT;72.356;76.306;75.189;70.632;92.080;88.007;100.415;108.942;120.245;126.366;124.387;126.369
;A;FC_OTH_HH_E;TOTAL;KTOE;MT;73.039;70.808;70.789;64.393;69.245;68.760;72.178;71.802;71.707;79.794;81.757;94.224
;A;FC_TRA_E;TOTAL;KTOE;MT;170.273;175.408;191.769;169.390;185.188;183.239;181.194;186.747;185.916;196.712;197.244;208.760
NL;;;;;;;;;;;;;;;;;
;A;FC_E;TOTAL;KTOE;NL;48786.000;47871.540;48814.222;47137.073;50751.248;46798.176;47034.288;47181.513;42727.287;44081.396;44681.803;44953.289
;A;FC_IND_E;TOTAL;KTOE;NL;15328.263;15426.418;14874.581;13364.832;14419.115;13868.115;13680.331;13501.617;13236.593;13429.346;13780.902;13844.552
;A;FC_OTH_CP_E;TOTAL;KTOE;NL;7089.839;6831.057;7140.984;7327.902;7846.867;6989.459;7238.700;7267.770;6412.367;6801.042;6694.460;6830.628
;A;FC_OTH_HH_E;TOTAL;KTOE;NL;10856.883;9984.123;11029.261;11033.874;12480.893;10277.765;10879.249;11434.025;9152.404;9592.413;9898.260;9699.192
;A;FC_TRA_E;TOTAL;KTOE;NL;11725.041;11848.382;11961.129;11596.581;11656.504;11786.206;11278.336;10984.586;10261.811;10379.947;10399.097;10674.094
NO;;;;;;;;;;;;;;;;;
;A;FC_E;TOTAL;KTOE;NO;18223.233;18597.658;18685.462;18093.847;19423.690;18612.147;18708.749;18755.419;18184.456;18280.467;18615.718;18531.831
;A;FC_IND_E;TOTAL;KTOE;NO;6541.550;6481.272;6606.664;5475.767;6125.333;6112.230;5908.794;5847.999;5762.072;5902.225;5900.185;6042.216
;A;FC_OTH_CP_E;TOTAL;KTOE;NO;2246.802;2444.330;2467.409;2803.437;2797.189;2639.691;2750.349;2794.690;2623.025;2645.163;2863.562;2836.574
;A;FC_OTH_HH_E;TOTAL;KTOE;NO;3815.031;3839.806;3836.885;3995.376;4429.036;3956.566;4149.986;4099.799;3817.923;3987.828;4041.418;4097.127
;A;FC_TRA_E;TOTAL;KTOE;NO;4624.344;4843.561;4782.718;4693.777;4889.512;4718.924;4636.541;4809.076;4843.391;4957.997;4992.761;4632.411
PL;;;;;;;;;;;;;;;;;
;A;FC_E;TOTAL;KTOE;PL;59898.936;60075.361;60995.550;60577.862;65237.609;63584.102;63224.264;62057.561;60138.687;60777.493;65032.110;69138.868
;A;FC_IND_E;TOTAL;KTOE;PL;14653.888;15249.796;13982.544;12823.318;13499.290;13961.482;13733.264;14210.705;14153.252;14095.620;14652.420;15841.181
;A;FC_OTH_CP_E;TOTAL;KTOE;PL;7461.947;7111.609;7979.599;8040.534;8836.691;8429.508;8363.910;8078.737;7788.273;7842.255;8502.839;8048.881
;A;FC_OTH_HH_E;TOTAL;KTOE;PL;20469.408;19366.034;19668.123;19977.568;21982.974;20103.955;20779.220;20443.637;18970.203;18948.352;19782.477;19936.050
;A;FC_TRA_E;TOTAL;KTOE;PL;13490.298;14836.247;15723.432;16162.094;17187.318;17408.462;16680.367;15744.034;15804.963;16561.073;18557.186;21431.380
PT;;;;;;;;;;;;;;;;;
;A;FC_E;TOTAL;KTOE;PT;17985.198;18064.989;17522.030;17368.897;17220.708;16395.969;15107.842;14920.620;14803.899;14963.679;15037.276;15275.240
;A;FC_IND_E;TOTAL;KTOE;PT;5767.411;5843.415;5523.427;5211.179;5453.529;5349.444;4606.019;4599.072;4405.956;4412.064;4381.886;4525.728
;A;FC_OTH_CP_E;TOTAL;KTOE;PT;2045.869;2036.764;1945.309;2040.621;1883.197;1855.388;1843.355;1786.895;1900.988;1968.977;1899.924;1898.827
;A;FC_OTH_HH_E;TOTAL;KTOE;PT;3214.195;3220.507;3117.652;3197.746;2969.479;2776.308;2694.901;2634.982;2565.599;2538.573;2605.052;2572.484
;A;FC_TRA_E;TOTAL;KTOE;PT;6479.571;6461.849;6477.961;6465.127;6424.715;5963.870;5528.102;5446.080;5475.045;5567.033;5690.221;5793.812
RO;;;;;;;;;;;;;;;;;
;A;FC_E;TOTAL;KTOE;RO;23788.479;23169.606;23942.896;21765.362;22020.618;22553.106;22629.168;21631.325;21470.367;21600.240;21935.250;22859.979
;A;FC_IND_E;TOTAL;KTOE;RO;8653.802;8336.571;8318.681;6144.626;6484.195;7059.692;6748.255;6272.845;6427.425;6418.898;6263.796;6390.247
;A;FC_OTH_CP_E;TOTAL;KTOE;RO;2411.576;2019.690;1697.801;1760.388;1880.538;1774.282;1763.099;1784.900;1768.388;1761.969;1806.394;1840.749
;A;FC_OTH_HH_E;TOTAL;KTOE;RO;7854.717;7519.256;8070.214;8015.179;8102.009;7859.678;8060.582;7721.970;7409.681;7375.183;7414.920;7679.329
;A;FC_TRA_E;TOTAL;KTOE;RO;4269.246;4578.362;5160.397;5258.155;4947.688;5175.051;5314.735;5188.743;5266.333;5337.702;5738.034;6149.183
RS;;;;;;;;;;;;;;;;;
;A;FC_E;TOTAL;KTOE;RS;9392.342;10000.729;9166.798;8253.448;8762.533;9082.112;8412.293;8201.681;7681.206;7942.444;8278.466;8443.398
;A;FC_IND_E;TOTAL;KTOE;RS;3429.694;3709.896;2911.863;1992.663;2428.856;2740.411;2463.907;2395.892;1955.234;2103.134;2246.182;2347.586
;A;FC_OTH_CP_E;TOTAL;KTOE;RS;636.274;631.736;923.445;843.444;905.620;1046.670;834.956;803.644;772.340;874.645;886.391;939.619
;A;FC_OTH_HH_E;TOTAL;KTOE;RS;2822.805;3233.297;2896.407;3043.422;3078.701;3134.547;3122.404;2846.752;2752.774;2826.151;2924.257;2853.553
;A;FC_TRA_E;TOTAL;KTOE;RS;2383.373;1848.912;2349.255;2248.467;2230.695;2042.180;1806.836;1972.215;2041.408;1986.102;2029.445;2112.132
SE;;;;;;;;;;;;;;;;;
;A;FC_E;TOTAL;KTOE;SE;31796.043;31811.245;30801.326;30253.921;32510.411;31848.089;32009.394;31147.497;30771.417;31249.755;32160.615;32369.583
;A;FC_IND_E;TOTAL;KTOE;SE;11919.600;11983.515;11434.079;10647.595;11396.233;11131.294;11051.531;10830.451;10589.459;10895.938;10773.261;10816.537
;A;FC_OTH_CP_E;TOTAL;KTOE;SE;4085.039;4180.169;4128.707;4238.607;4552.061;4026.615;4086.479;3962.289;4039.687;4006.181;4304.208;4069.031
;A;FC_OTH_HH_E;TOTAL;KTOE;SE;7004.335;6731.444;6638.299;6950.076;8035.256;7465.675;7828.540;7479.421;7018.047;7197.265;7462.050;7507.495
;A;FC_TRA_E;TOTAL;KTOE;SE;7985.786;8142.027;7873.863;7689.281;7834.199;7708.273;7498.314;7397.176;7658.807;7680.156;7991.669;8359.577
SI;;;;;;;;;;;;;;;;;
;A;FC_E;TOTAL;KTOE;SI;4924.081;4861.181;5233.429;4808.014;5009.495;4999.171;4872.897;4771.021;4564.590;4659.984;4854.883;4837.088
;A;FC_IND_E;TOTAL;KTOE;SI;1701.296;1606.123;1485.338;1221.108;1274.056;1236.892;1207.414;1197.649;1231.215;1228.022;1242.314;1295.608
;A;FC_OTH_CP_E;TOTAL;KTOE;SI;438.760;369.879;496.453;490.996;532.638;531.470;453.272;467.773;427.214;454.505;492.429;480.215
;A;FC_OTH_HH_E;TOTAL;KTOE;SI;1159.239;1047.849;1115.281;1285.870;1326.270;1264.601;1218.996;1203.367;1017.182;1110.860;1147.694;1120.427
;A;FC_TRA_E;TOTAL;KTOE;SI;1529.121;1731.091;2035.783;1719.587;1778.392;1882.202;1899.103;1813.537;1794.991;1772.631;1882.565;1848.718
SK;;;;;;;;;;;;;;;;;
;A;FC_E;TOTAL;KTOE;SK;10110.855;10182.575;10530.734;9654.671;10371.086;9732.586;9198.465;9412.124;8740.489;8939.677;9225.739;9903.027
;A;FC_IND_E;TOTAL;KTOE;SK;3565.994;3662.817;3651.572;3118.543;3224.086;3255.331;3233.817;3114.817;3241.628;3333.371;3308.576;3452.442
;A;FC_OTH_CP_E;TOTAL;KTOE;SK;1877.469;1872.441;1938.741;1944.416;2105.400;1601.718;1451.245;1710.558;1233.318;1299.549;1308.325;1426.737
;A;FC_OTH_HH_E;TOTAL;KTOE;SK;2310.145;2080.702;2130.687;2147.493;2311.582;2121.122;2070.086;2146.977;1951.912;1987.662;2030.217;2108.641
;A;FC_TRA_E;TOTAL;KTOE;SK;2215.123;2429.892;2668.941;2314.200;2595.378;2596.766;2299.840;2308.716;2176.422;2168.799;2429.877;2772.655
TR;;;;;;;;;;;;;;;;;
;A;FC_E;TOTAL;KTOE;TR;67183.436;71033.210;68295.558;67500.337;71034.496;76073.221;79140.266;78371.962;80816.587;86846.978;90318.129;100457.057
;A;FC_IND_E;TOTAL;KTOE;TR;23961.457;24066.806;17559.116;18944.871;22315.535;24891.605;25566.818;24029.040;25101.897;26109.622;26330.093;32114.358
;A;FC_OTH_CP_E;TOTAL;KTOE;TR;6029.699;6676.476;10190.746;9790.714;9493.149;9903.139;11005.128;10611.925;11021.419;12194.776;12415.869;13565.188
;A;FC_OTH_HH_E;TOTAL;KTOE;TR;19457.330;20224.067;20217.788;18864.658;19414.937;20809.776;20187.463;19807.984;19166.344;20153.330;20711.118;22158.981
;A;FC_TRA_E;TOTAL;KTOE;TR;14166.282;16147.700;15254.259;15119.726;14812.227;15034.069;17706.754;19543.272;20944.488;24502.533;27030.056;28305.532
UA;;;;;;;;;;;;;;;;;
;A;FC_E;TOTAL;KTOE;UA;73482.234;77638.368;75580.810;63324.836;68387.540;69646.492;66404.075;65144.066;57893.824;47488.152;48822.317;47350.279
;A;FC_IND_E;TOTAL;KTOE;UA;32770.049;32852.702;30203.310;22236.711;24938.886;25810.737;23981.954;21841.758;20568.374;16377.631;15509.004;15093.565
;A;FC_OTH_CP_E;TOTAL;KTOE;UA;2681.193;4956.009;4951.912;4181.519;4652.342;5129.446;5006.804;5767.651;4664.962;3888.355;4671.849;4392.952
;A;FC_OTH_HH_E;TOTAL;KTOE;UA;24572.857;22393.256;22876.226;22120.183;23838.511;23587.848;23454.289;23446.497;20357.427;16551.870;17348.241;16432.794
;A;FC_TRA_E;TOTAL;KTOE;UA;11638.393;15418.057;15442.364;12792.577;12917.129;12875.180;11772.360;11848.904;10299.778;8721.254;9133.667;9590.827
UK;;;;;;;;;;;;;;;;;
;A;FC_E;TOTAL;KTOE;UK;135240.792;133082.572;132994.306;124351.970;130080.082;118840.372;122658.595;123395.413;116594.343;120111.691;122607.322;121221.495
;A;FC_IND_E;TOTAL;KTOE;UK;29672.121;29123.891;28572.685;24360.055;25596.576;23952.179;23613.280;23643.762;22967.768;22867.527;22471.641;22745.204
;A;FC_OTH_CP_E;TOTAL;KTOE;UK;15912.876;15595.140;16983.440;15763.782;16526.940;15239.696;16232.096;16585.582;15523.630;16882.616;17472.366;17108.661
;A;FC_OTH_HH_E;TOTAL;KTOE;UK;43129.787;41614.951;42527.440;41324.922;45512.575;37786.091;40957.945;41458.259;35813.283;37277.939;38499.047;37082.890
;A;FC_TRA_E;TOTAL;KTOE;UK;43861.467;44211.076;42383.528;41069.453;40437.300;39907.728;39748.786;39491.557;40108.270;40889.265;41787.418;41851.335
XK;;;;;;;;;;;;;;;;;
;A;FC_E;TOTAL;KTOE;XK;1010.577;1053.638;1163.412;1168.988;1190.842;1266.098;1219.372;1167.578;1230.700;1339.928;1433.037;1516.064
;A;FC_IND_E;TOTAL;KTOE;XK;192.560;255.691;248.264;241.752;277.582;307.986;273.752;262.900;245.253;307.181;281.257;313.240
;A;FC_OTH_CP_E;TOTAL;KTOE;XK;141.746;131.406;109.563;111.910;112.324;117.913;117.736;115.457;139.135;148.344;177.055;191.548
;A;FC_OTH_HH_E;TOTAL;KTOE;XK;352.504;337.844;461.301;455.628;461.840;491.178;474.234;494.163;479.943;476.388;549.413;571.465
;A;FC_TRA_E;TOTAL;KTOE;XK;287.561;305.238;326.027;341.556;319.647;330.601;333.486;270.401;344.017;380.384;395.981;410.191