freq;nrg_bal;siec;unit;geo\TIME_PERIOD;2006;2007;2008;2009;2010;2011;2012;2013;2014;2015;2016;2017
A;NRGSUP;C0000X0350-0370;KTOE;AL;12.695;12.695;16.457;100.500;110.900;138.974;77.225;67.005;86.449;95.081;50.729;115.975
A;NRGSUP;C0350-0370;KTOE;AL;0;0;0;0;0;0;0;0;0;0;0;0
A;NRGSUP;E7000;KTOE;AL;52.537;243.164;209.286;120.292;-81.599;280.482;218.229;199.742;263.715;120.292;-3.611;250.613
A;NRGSUP;G3000;KTOE;AL;9.007;14.402;7.201;7.352;11.565;12.016;13.220;14.574;24.828;27.365;34.965;37.430
A;NRGSUP;H8000;KTOE;AL;0;0;0;0;0;0;0;0;0;0;0;0
A;NRGSUP;N900H;KTOE;AL;0;0;0;0;0;0;0;0;0;0;0;0
A;NRGSUP;O4000XBIO;KTOE;AL;1362.588;1305.710;1332.408;1259.773;1231.505;1218.293;1069.312;1250.652;1334.478;1200.549;1231.885;1310.071
A;NRGSUP;P1000;KTOE;AL;0;0;0;0;0;0;0;0;0;0;0;0
A;NRGSUP;RA000;KTOE;AL;699.283;461.039;547.989;663.839;862.358;575.002;624.582;811.751;637.643;753.850;930.326;646.725
A;NRGSUP;S2000;KTOE;AL;0;0;0;0;0;0;0;0;0;0;0;0
A;NRGSUP;TOTAL;KTOE;AL;2136.110;2037.011;2113.341;2151.756;2134.728;2224.767;2002.568;2343.725;2347.112;2197.137;2244.294;2360.814
A;NRGSUP;W6100_6220;KTOE;AL;0;0;0;0;0;0;0;0;0;0;0;0
A;NRGSUP;C0000X0350-0370;KTOE;AT;3976.739;3854.748;3814.411;2865.515;3375.436;3474.595;3235.273;3319.285;3031.339;3197.506;2970.074;3079.952
A;NRGSUP;C0350-0370;KTOE;AT;0;0;0;0;0;0;0;0;0;0;0;0
A;NRGSUP;E7000;KTOE;AT;545.522;517.317;418.034;67.084;209.512;705.018;241.012;625.147;797.483;865.135;615.587;562.847
A;NRGSUP;G3000;KTOE;AT;7570.119;7133.156;7544.577;7370.375;8122.937;7666.544;7326.589;7060.521;6444.437;6871.580;7117.637;7776.432
A;NRGSUP;H8000;KTOE;AT;0;0;0;0;0;0;0;0;0;0;0;0
A;NRGSUP;N900H;KTOE;AT;0;0;0;0;0;0;0;0;0;0;0;0
A;NRGSUP;O4000XBIO;KTOE;AT;13704.070;13084.512;12695.923;12008.854;12350.491;11525.244;11282.639;11593.649;11235.975;11294.953;11494.625;11573.965
A;NRGSUP;P1000;KTOE;AT;210;198;198;198;210;210;210;210;210;210;0;0
A;NRGSUP;RA000;KTOE;AT;7383.607;7915.672;8255.535;8742.341;9007.708;8591.317;9722.908;10026.735;10001.869;9815.267;10039.490;9943.326
A;NRGSUP;S2000;KTOE;AT;0;0;0;0;0;0;0;0;0;0;0;0
A;NRGSUP;TOTAL;KTOE;AT;33683.222;33005.248;33257.091;31617.358;33681.526;32668.274;32484.984;33303.023;32229.478;32792.373;32994.958;33686.480
A;NRGSUP;W6100_6220;KTOE;AT;502.954;499.644;528.413;562.991;615.233;705.346;676.352;677.476;718.166;747.722;757.545;749.958
A;NRGSUP;C0000X0350-0370;KTOE;BA;: ;: ;: ;: ;: ;: ;: ;: ;3657.915;3615.414;4111.803;4188.714
A;NRGSUP;C0350-0370;KTOE;BA;: ;: ;: ;: ;: ;: ;: ;: ;0;0;0;0
A;NRGSUP;E7000;KTOE;BA;: ;: ;: ;: ;: ;: ;: ;: ;-243.852;-183.577;-323.044;-158.298
A;NRGSUP;G3000;KTOE;BA;: ;: ;: ;: ;: ;: ;: ;: ;151.827;177.429;184.695;199.742
A;NRGSUP;H8000;KTOE;BA;: ;: ;: ;: ;: ;: ;: ;: ;0;0;0;0
A;NRGSUP;N900H;KTOE;BA;: ;: ;: ;: ;: ;: ;: ;: ;0;0;0;0
A;NRGSUP;O4000XBIO;KTOE;BA;: ;: ;: ;: ;: ;: ;: ;: ;1474.343;1526.426;1730.180;1721.737
A;NRGSUP;P1000;KTOE;BA;: ;: ;: ;: ;: ;: ;: ;: ;0;0;0;0
A;NRGSUP;RA000;KTOE;BA;: ;: ;: ;: ;: ;: ;: ;: ;958.190;1041.072;1052.991;792.069
A;NRGSUP;S2000;KTOE;BA;: ;: ;: ;: ;: ;: ;: ;: ;0;0;0;0
A;NRGSUP;TOTAL;KTOE;BA;: ;: ;: ;: ;: ;: ;: ;: ;5998.422;6176.764;6756.626;6743.965
A;NRGSUP;W6100_6220;KTOE;BA;: ;: ;: ;: ;: ;: ;: ;: ;0;0;0;0
A;NRGSUP;C0000X0350-0370;KTOE;BE;4952.225;4418.245;4557.985;3135.275;3787.179;3505.124;3235.666;3457.134;3324.709;3356.235;3166.753;3080.636
A;NRGSUP;C0350-0370;KTOE;BE;0;0;0;0;0;0;0;0;0;0;0;0
A;NRGSUP;E7000;KTOE;BE;873.345;582.889;911.178;-157.782;47.377;218.143;854.342;828.891;1513.586;1805.589;531.642;517.764
A;NRGSUP;G3000;KTOE;BE;15060.082;14978.375;14839.531;15066.058;16746.174;14401.978;14378.375;14485.340;12698.130;13974.678;14299.957;14485.993
A;NRGSUP;H8000;KTOE;BE;0;0;0;0;0;0;0;0;0;0;0;0
A;NRGSUP;N900H;KTOE;BE;12032.244;12440.327;11754.428;12304.000;12492.000;12567.000;10499.000;11111.000;8781.000;6801.000;11340.000;11002.000
A;NRGSUP;O4000XBIO;KTOE;BE;22300.992;21432.585;23168.785;22272.946;23134.751;21378.289;20374.100;21367.944;21997.468;21983.434;21443.069;21216.025
A;NRGSUP;P1000;KTOE;BE;0;0;0;0;0;0;0;0;0;0;0;0
A;NRGSUP;RA000;KTOE;BE;1364.670;1590.688;1910.169;2268.201;2851.642;3140.945;3392.578;3537.279;3434.266;3706.961;3955.153;4091.133
A;NRGSUP;S2000;KTOE;BE;0;0;0;0;0;0;0;0;0;0;0;0
A;NRGSUP;TOTAL;KTOE;BE;57184.638;56066.711;57792.286;55600.961;59797.324;55961.860;53446.347;55471.164;52427.982;52308.441;55417.571;55048.171
A;NRGSUP;W6100_6220;KTOE;BE;601.080;623.603;650.210;712.262;738.201;750.382;712.286;683.577;678.824;680.544;680.997;654.619
A;NRGSUP;C0000X0350-0370;KTOE;BG;6980.290;7884.042;7485.047;6415.859;6938.197;8093.680;6915.000;5946.623;6357.280;6607.404;5698.588;6122.761
A;NRGSUP;C0350-0370;KTOE;BG;0;0;0;0;0;0;0;0;0;0;0;0
A;NRGSUP;E7000;KTOE;BG;-665.778;-384.781;-459.501;-436.199;-726.225;-916.681;-714.359;-531.470;-812.984;-909.286;-547.893;-471.227
A;NRGSUP;G3000;KTOE;BG;2900.602;3010.426;2914.209;2160.727;2300.365;2630.267;2451.161;2397.743;2362.597;2594.755;2686.522;2762.242
A;NRGSUP;H8000;KTOE;BG;0;0;0;0;0;0;0;0;0;0;0;0
A;NRGSUP;N900H;KTOE;BG;5070.206;3838.406;4131.556;3877.900;3849.100;4105.100;4020.200;3667.600;4046.700;3912.000;4010.900;3940.700
A;NRGSUP;O4000XBIO;KTOE;BG;5005.099;4770.638;4666.743;4215.183;3841.124;3639.068;3851.628;3505.986;3844.936;4166.890;4139.850;4318.874
A;NRGSUP;P1000;KTOE;BG;0;0;0;0;0;0;0;0;0;0;0;0
A;NRGSUP;RA000;KTOE;BG;1163.064;986.293;1089.754;1143.466;1494.265;1405.201;1674.081;1878.577;1853.359;2066.661;2028.554;1951.901
A;NRGSUP;S2000;KTOE;BG;0;0;0;0;0;0;0;0;0;0;0;0
A;NRGSUP;TOTAL;KTOE;BG;20512.693;20172.594;19830.889;17382.763;17705.233;18964.874;18204.303;16872.749;17674.602;18468.255;18048.048;18660.371
A;NRGSUP;W6100_6220;KTOE;BG;59.210;67.570;3.081;5.828;8.407;8.240;6.592;7.691;22.714;29.832;31.528;35.120
A;NRGSUP;C0000X0350-0370;KTOE;CY;38.810;33.315;28.069;14.559;16.779;7.460;124;124;2.218;3.679;0;2.980
A;NRGSUP;C0350-0370;KTOE;CY;0;0;0;0;0;0;0;0;0;0;0;0
A;NRGSUP;E7000;KTOE;CY;0;0;0;0;0;0;0;0;0;0;0;0
A;NRGSUP;G3000;KTOE;CY;0;0;0;0;0;0;0;0;0;0;0;0
A;NRGSUP;H8000;KTOE;CY;0;0;0;0;0;0;0;0;0;0;0;0
A;NRGSUP;N900H;KTOE;CY;0;0;0;0;0;0;0;0;0;0;0;0
A;NRGSUP;O4000XBIO;KTOE;CY;2235.282;2349.768;2488.177;2439.904;2342.938;2270.530;2126.035;1814.995;1857.156;1882.582;2010.579;2055.179
A;NRGSUP;P1000;KTOE;CY;0;0;0;0;0;0;0;0;0;0;0;0
A;NRGSUP;RA000;KTOE;CY;55.849;73.200;94.976;100.055;105.551;120.965;129.456;134.354;132.511;146.658;152.981;166.493
A;NRGSUP;S2000;KTOE;CY;0;0;0;0;0;0;0;0;0;0;0;0
A;NRGSUP;TOTAL;KTOE;CY;2331.685;2463.162;2616.931;2561.110;2472.410;2399.051;2256.188;1950.547;1999.432;2045.243;2179.396;2246.205
A;NRGSUP;W6100_6220;KTOE;CY;1.744;6.879;5.708;6.592;7.141;96;573;1.075;7.548;12.324;15.835;21.553
A;NRGSUP;C0000X0350-0370;KTOE;CZ;20940.828;21263.165;19677.428;17608.418;18846.975;18300.811;17283.113;17276.269;15972.076;16394.610;16553.885;15837.627
A;NRGSUP;C0350-0370;KTOE;CZ;0;0;0;0;0;0;0;0;0;0;0;0
A;NRGSUP;E7000;KTOE;CZ;-1086.071;-1388.908;-986.156;-1173.173;-1285.297;-1465.520;-1472.055;-1452.021;-1401.548;-1076.096;-943.594;-1120.972
A;NRGSUP;G3000;KTOE;CZ;7593.530;7238.650;7173.538;6804.256;8069.540;6809.157;6856.105;6946.410;6182.115;6482.760;7016.316;7200.989
A;NRGSUP;H8000;KTOE;CZ;-2.986;-2.771;-2.651;-2.150;-2.126;-1.863;-1.696;-1.266;-1.123;-1.218;-1.194;-747
A;NRGSUP;N900H;KTOE;CZ;6795.328;6823.030;6918.429;6975.400;7292.600;7369.300;7901.200;8035.600;7821.300;6993.600;6281.700;7016.800
A;NRGSUP;O4000XBIO;KTOE;CZ;9584.165;9644.915;9714.259;9189.706;8983.239;8743.737;8623.466;8282.728;8811.561;8610.675;7990.927;9317.714
A;NRGSUP;P1000;KTOE;CZ;0;0;0;0;0;0;0;0;0;0;0;0
A;NRGSUP;RA000;KTOE;CZ;2233.473;2346.529;2550.736;2883.514;3179.680;3499.055;3752.361;4119.466;4255.631;4369.677;4416.386;4519.983
A;NRGSUP;S2000;KTOE;CZ;0;0;0;0;0;0;0;0;0;0;0;0
A;NRGSUP;TOTAL;KTOE;CZ;46220.611;46112.104;45236.062;42482.876;45285.433;43474.606;43167.701;43423.484;41890.706;42051.308;41618.906;43077.054
A;NRGSUP;W6100_6220;KTOE;CZ;162.344;187.494;190.480;196.905;200.822;219.929;225.208;216.299;250.693;277.300;304.481;305.660
A;NRGSUP;C0000X0350-0370;KTOE;DE;86145.682;86109.091;80108.009;72071.598;79075.728;77965.871;79918.633;81561.127;79604.753;79414.733;77130.836;71308.498
A;NRGSUP;C0350-0370;KTOE;DE;0;0;0;0;0;0;0;0;0;0;0;0
A;NRGSUP;E7000;KTOE;DE;-1459.759;-1423.474;-1728.289;-1055.288;-1285.899;-323.732;-1766.294;-2768.100;-2913.586;-4151.505;-4344.368;-4510.662
A;NRGSUP;G3000;KTOE;DE;79296.238;76495.228;77162.403;72731.513;75904.880;69595.959;69819.325;73102.214;63374.420;65154.342;70330.310;75340.679
A;NRGSUP;H8000;KTOE;DE;-5.685;-5.255;-5.852;-5.708;-6.353;-5.685;-5.995;-3.798;-3.368;-3.463;-3.105;-2.962
A;NRGSUP;N900H;KTOE;DE;43147.635;36251.247;38304.815;34733.200;36200.800;27807.200;25618.600;25052.200;25010.700;23636.300;21794.700;19654.700
A;NRGSUP;O4000XBIO;KTOE;DE;117035.340;104923.892;110941.286;103864.804;105241.082;101756.269;101387.425;103757.953;101723.810;101851.224;102155.581;103645.628
A;NRGSUP;P1000;KTOE;DE;1.600;0;0;0;0;0;0;0;0;0;0;0
A;NRGSUP;RA000;KTOE;DE;20580.712;23727.535;23352.055;24481.325;27570.642;29300.462;32251.724;33397.319;35406.261;38354.263;38915.344;42707.453
A;NRGSUP;S2000;KTOE;DE;0;0;0;0;0;0;0;0;0;0;0;0
A;NRGSUP;TOTAL;KTOE;DE;346903.129;328566.655;331454.171;310430.954;326607.013;309970.210;311239.301;318206.277;306505.154;308507.805;310492.767;312657.354
A;NRGSUP;W6100_6220;KTOE;DE;2161.364;2488.392;3319.743;3609.511;3906.134;3873.865;4015.883;4107.361;4302.164;4251.911;4513.471;4514.020
A;NRGSUP;C0000X0350-0370;KTOE;DK;5477.002;4651.676;4005.865;4003.471;3808.941;3234.475;2467.764;3173.545;2533.670;1817.636;1973.593;1548.564
A;NRGSUP;C0350-0370;KTOE;DK;0;0;0;0;0;0;0;0;0;0;0;0
A;NRGSUP;E7000;KTOE;DK;-596.303;-81.685;125.107;28.719;-97.592;113.500;448.323;93.035;245.486;508.303;434.832;392.323
A;NRGSUP;G3000;KTOE;DK;4536.565;4061.629;4073.194;3895.507;4421.991;3717.390;3484.415;3315.972;2804.025;2852.415;2878.076;2747.301
A;NRGSUP;H8000;KTOE;DK;3.654;3.535;3.654;3.654;4.156;3.630;3.822;3.702;3.368;3.597;3.061;2.956
A;NRGSUP;N900H;KTOE;DK;0;0;0;0;0;0;0;0;0;0;0;0
A;NRGSUP;O4000XBIO;KTOE;DK;7551.945;7524.469;7381.762;6727.562;7009.073;6507.195;6283.186;5985.059;5749.760;5795.660;5875.460;6131.007
A;NRGSUP;P1000;KTOE;DK;0;0;0;0;0;0;0;0;0;0;0;0
A;NRGSUP;RA000;KTOE;DK;2982.055;3304.674;3352.655;3415.548;4042.288;4140.773;4332.690;4494.611;4713.927;5080.208;5300.877;5980.224
A;NRGSUP;S2000;KTOE;DK;0;0;0;0;0;0;0;0;0;0;0;0
A;NRGSUP;TOTAL;KTOE;DK;20367.931;19891.569;19388.378;18497.337;19595.085;18129.976;17421.581;17468.618;16466.448;16484.423;16890.486;17228.484
A;NRGSUP;W6100_6220;KTOE;DK;413.012;427.271;446.140;422.877;406.229;413.012;401.381;402.694;416.213;426.604;424.587;426.109
A;NRGSUP;C0000X0350-0370;KTOE;EA19;175551.319;176824.725;160146.124;140306.994;147782.441;152590.762;159116.410;154620.759;147958.004;149725.050;140705.011;135381.285
A;NRGSUP;C0350-0370;KTOE;EA19;0;0;0;0;0;0;0;0;0;0;0;0
A;NRGSUP;E7000;KTOE;EA19;2129.777;2443.721;2095.813;2145.391;1875.784;2401.927;2902.977;1802.121;1815.699;1693.063;812.090;787.675
A;NRGSUP;G3000;KTOE;EA19;302623.661;299104.602;306379.605;289492.174;310488.126;283297.613;278323.942;274159.882;239613.796;251101.098;265998.202;280814.717
A;NRGSUP;H8000;KTOE;EA19;-5.685;-5.255;-5.852;-5.708;-6.353;-5.685;-5.995;-3.798;-1.601;-1.552;-1.123;-956
A;NRGSUP;N900H;KTOE;EA19;202239.264;191705.818;194382.990;182495.579;188110.500;182711.600;174785.200;173073.800;174652.100;171240.300;165234.100;161300.900
A;NRGSUP;O4000XBIO;KTOE;EA19;483383.729;465045.011;461395.188;435676.785;429207.724;413954.368;395648.126;388003.169;382842.232;387614.813;387296.774;391451.845
A;NRGSUP;P1000;KTOE;EA19;3044.510;3357.093;3095.827;2911.735;2987.719;2815.760;2754.740;1823.176;2169.334;2199.685;2179.203;2026.576
A;NRGSUP;RA000;KTOE;EA19;91728.276;100111.856;107064.607;113455.979;125612.080;122946.024;135929.161;145364.006;146739.354;149718.016;154761.473;162051.261
A;NRGSUP;S2000;KTOE;EA19;2972.478;3600.433;3328.545;2902.264;3843.341;3983.689;3652.752;4354.708;4157.662;3770.846;4201.058;4201.820
A;NRGSUP;TOTAL;KTOE;EA19;1270007.536;1249108.315;1245740.902;1177774.030;1218821.981;1173845.843;1162451.216;1152971.747;1110054.189;1127331.011;1131947.896;1148735.602
A;NRGSUP;W6100_6220;KTOE;EA19;6340.206;6920.310;7858.057;8392.834;8920.613;9149.784;9343.901;9773.926;10107.612;10269.693;10761.110;10720.477
A;NRGSUP;C0000X0350-0370;KTOE;EE;22.939;57.091;60.527;44.185;23.940;29.079;24.464;27.993;33.582;13.360;8.659;12.289
A;NRGSUP;C0350-0370;KTOE;EE;0;0;0;0;0;0;0;0;0;0;0;0
A;NRGSUP;E7000;KTOE;EE;-64.488;-208.083;-80.911;7.051;-279.794;-306.277;-192.605;-308.512;-236.801;-79.536;-175.150;-235.082
A;NRGSUP;G3000;KTOE;EE;808.147;803.353;770.507;525.129;562.511;503.289;545.400;554.901;435.555;390.456;428.267;405.954
A;NRGSUP;H8000;KTOE;EE;0;0;0;0;0;0;0;0;0;0;0;0
A;NRGSUP;N900H;KTOE;EE;0;0;0;0;0;0;0;0;0;0;0;0
A;NRGSUP;O4000XBIO;KTOE;EE;775.521;777.090;718.073;559.652;572.779;524.435;503.513;459.435;402.126;277.519;413.019;149.779
A;NRGSUP;P1000;KTOE;EE;49.581;65.336;56.102;52.690;54.170;51.005;47.225;44.082;38.572;31.976;34.388;35.632
A;NRGSUP;RA000;KTOE;EE;530.818;601.686;646.171;717.544;846.492;835.509;861.442;851.138;858.884;905.483;965.692;1062.258
A;NRGSUP;S2000;KTOE;EE;2972.478;3600.433;3328.545;2902.264;3843.341;3983.689;3652.752;4354.708;4157.662;3770.846;4201.058;4201.820
A;NRGSUP;TOTAL;KTOE;EE;5094.995;5696.906;5499.013;4808.514;5623.440;5620.728;5442.190;6088.073;5757.841;5377.363;5946.441;5704.806
A;NRGSUP;W6100_6220;KTOE;EE;0;0;0;0;0;0;0;104.328;68.262;67.259;70.507;72.155
A;NRGSUP;C0000X0350-0370;KTOE;EL;8427.394;8835.988;8321.546;8425.257;7863.033;7886.860;8134.842;6981.004;6687.083;5606.374;4369.484;4816.635
A;NRGSUP;C0350-0370;KTOE;EL;0;0;0;0;0;0;0;0;0;0;0;0
A;NRGSUP;E7000;KTOE;EL;361.307;374.463;482.631;375.494;490.628;277.902;153.482;162.253;758.298;826.139;756.320;536.285
A;NRGSUP;G3000;KTOE;EL;2747.248;3364.144;3506.148;2971.002;3234.501;3972.248;3662.102;3236.285;2484.308;2676.913;3489.725;4203.668
A;NRGSUP;H8000;KTOE;EL;0;0;0;0;0;0;0;0;0;0;0;0
A;NRGSUP;N900H;KTOE;EL;0;0;0;0;0;0;0;0;0;0;0;0
A;NRGSUP;O4000XBIO;KTOE;EL;16716.221;15711.193;16211.449;15677.162;13724.941;12328.514;11986.327;10180.811;10610.777;11066.838;11236.426;10772.450
A;NRGSUP;P1000;KTOE;EL;0;0;0;0;0;0;0;0;0;0;0;0
A;NRGSUP;RA000;KTOE;EL;1783.400;1726.419;1709.295;1865.772;2131.276;2139.915;2449.140;2616.126;2444.303;2777.234;2639.971;2915.410
A;NRGSUP;S2000;KTOE;EL;0;0;0;0;0;0;0;0;0;0;0;0
A;NRGSUP;TOTAL;KTOE;EL;30041.136;30017.772;30235.081;29318.723;27476.408;26633.504;26400.822;23197.569;23005.500;23042.635;22552.044;23244.448
A;NRGSUP;W6100_6220;KTOE;EL;5.565;5.565;4.013;4.036;32.029;28.064;14.928;21.090;20.732;89.137;60.118;0
A;NRGSUP;C0000X0350-0370;KTOE;ES;17911.155;20040.491;13506.628;9665.228;7281.087;12716.137;15518.743;11447.726;11568.180;13583.196;10797.607;12747.244
A;NRGSUP;C0350-0370;KTOE;ES;0;0;0;0;0;0;0;0;0;0;0;0
A;NRGSUP;E7000;KTOE;ES;-282.029;-494.497;-949.183;-696.819;-716.509;-523.732;-962.941;-580.482;-292.863;-11.436;659.243;788.392
A;NRGSUP;G3000;KTOE;ES;31233.319;31783.641;34909.695;31225.021;31129.342;28935.985;28574.377;26162.876;23666.294;24538.113;25039.725;27266.402
A;NRGSUP;H8000;KTOE;ES;0;0;0;0;0;0;0;0;0;0;0;0
A;NRGSUP;N900H;KTOE;ES;15509.716;14214.015;15212.296;13783.000;16134.800;15044.700;15990.500;14785.000;14931.100;14903.200;15272.900;15131.500
A;NRGSUP;O4000XBIO;KTOE;ES;67700.673;68044.770;65124.150;60482.368;58260.808;54864.486;50306.036;47681.406;46725.580;49086.250;50550.481;53295.304
A;NRGSUP;P1000;KTOE;ES;0;0;0;0;0;0;0;0;0;0;0;0
A;NRGSUP;RA000;KTOE;ES;9164.457;10008.000;10552.278;12569.310;15047.394;14830.335;16135.151;17744.075;18099.988;17030.633;17947.949;17078.040
A;NRGSUP;S2000;KTOE;ES;0;0;0;0;0;0;0;0;0;0;0;0
A;NRGSUP;TOTAL;KTOE;ES;141489.416;143905.607;138683.919;127347.302;127311.113;126062.953;125737.537;117440.325;114902.468;119381.962;120503.144;126566.543
A;NRGSUP;W6100_6220;KTOE;ES;252.126;309.186;328.055;319.194;174.190;195.042;175.671;199.723;204.189;252.006;235.239;259.661
A;NRGSUP;C0000X0350-0370;KTOE;EU28;322933.777;322046.144;297451.618;260825.923;276946.649;281411.359;288106.351;281776.772;262197.928;258427.002;236841.581;228385.587
A;NRGSUP;C0350-0370;KTOE;EU28;0;0;0;0;0;0;0;0;0;0;0;0
A;NRGSUP;E7000;KTOE;EU28;685.323;1360.144;1984.205;1732.065;650.076;618.178;1603.579;1084.322;1332.551;1240.795;1581.235;876.967
A;NRGSUP;G3000;KTOE;EU28;440186.279;434952.237;444129.368;415741.852;447604.356;403821.839;393755.455;387119.813;343450.840;357904.093;382739.809;398384.121
A;NRGSUP;H8000;KTOE;EU28;-5.017;-4.491;-4.849;-4.204;-4.323;-3.918;-3.869;-1.362;644;827;744;1.253
A;NRGSUP;N900H;KTOE;EU28;255812.278;241713.687;242210.161;228316.479;234583.000;232007.800;224539.200;223007.700;223610.700;220091.600;213520.900;210724.200
A;NRGSUP;O4000XBIO;KTOE;EU28;636323.691;614089.559;608950.184;574191.243;570402.685;550574.411;528275.193;513388.490;510152.926;517932.608;522133.929;530894.268
A;NRGSUP;P1000;KTOE;EU28;3318.004;3634.728;3466.408;3264.794;3346.877;3154.950;3008.270;2061.959;2344.610;2343.384;2332.855;2173.865
A;NRGSUP;RA000;KTOE;EU28;129636.830;139467.704;150043.182;159218.648;176703.280;175492.403;193033.335;204406.104;208437.855;217384.511;222860.487;233475.725
A;NRGSUP;S2000;KTOE;EU28;2972.478;3600.433;3328.545;2902.264;3843.341;3983.689;3652.752;4354.708;4157.662;3770.846;4201.058;4201.820
A;NRGSUP;TOTAL;KTOE;EU28;1800356.787;1769877.403;1761410.835;1656662.105;1725111.251;1662668.842;1647820.545;1629375.745;1568627.781;1592466.558;1600855.441;1623766.137
A;NRGSUP;W6100_6220;KTOE;EU28;8493.138;9017.257;9852.014;10473.040;11035.307;11608.128;11850.279;12177.241;12942.068;13370.894;14642.849;14648.330
A;NRGSUP;C0000X0350-0370;KTOE;FI;5092.961;4749.857;3366.698;3535.801;4586.783;3948.281;2994.989;3787.742;3070.445;2702.357;3167.676;2840.618
A;NRGSUP;C0350-0370;KTOE;FI;0;0;0;0;0;0;0;0;0;0;0;0
A;NRGSUP;E7000;KTOE;FI;980.310;1079.708;1098.194;1039.123;902.923;1191.058;1499.914;1351.247;1544.884;1404.729;1629.493;1756.234
A;NRGSUP;G3000;KTOE;FI;3885.254;3731.363;3862.253;3483.749;3837.102;3359.931;3005.095;2856.427;2513.199;2236.264;2058.727;1932.158
A;NRGSUP;H8000;KTOE;FI;0;0;0;0;0;0;0;0;0;0;0;0
A;NRGSUP;N900H;KTOE;FI;5908.684;6042.046;5922.098;5762.000;5565.000;5627.000;5536.000;5694.000;5688.500;5606.200;5589.800;5390.100
A;NRGSUP;O4000XBIO;KTOE;FI;10457.982;9942.077;9723.639;9250.142;9504.030;9288.338;8685.524;7721.584;8809.431;7777.643;8466.628;7969.733
A;NRGSUP;P1000;KTOE;FI;2239.462;2456.005;2013.257;1765.973;2290.847;2030.255;1557.753;1350.351;1426.776;1385.064;1345.987;1283.407
A;NRGSUP;RA000;KTOE;FI;8690.713;8656.948;9140.779;8051.588;9352.265;9144.247;9991.251;9912.055;10302.908;10490.816;10635.004;11774.333
A;NRGSUP;S2000;KTOE;FI;0;0;0;0;0;0;0;0;0;0;0;0
A;NRGSUP;TOTAL;KTOE;FI;37350.927;36756.767;35243.309;33033.020;36185.101;34733.612;33454.389;32882.588;33592.408;31842.397;33156.596;33236.160
A;NRGSUP;W6100_6220;KTOE;FI;95.562;98.763;116.390;144.645;146.150;144.502;183.864;209.181;236.266;239.324;263.280;289.577
A;NRGSUP;C0000X0350-0370;KTOE;FR;13054.791;13495.056;12761.059;11116.820;11962.119;11300.019;12552.809;13267.669;9875.708;9346.069;9127.385;9910.947
A;NRGSUP;C0350-0370;KTOE;FR;0;0;0;0;0;0;0;0;0;0;0;0
A;NRGSUP;E7000;KTOE;FR;-5446.346;-4885.039;-4126.225;-2229.923;-2640.843;-4850.645;-3828.117;-4166.896;-5777.300;-5508.426;-3568.444;-3449.183
A;NRGSUP;G3000;KTOE;FR;39622.141;38487.468;39885.168;38461.801;42617.756;36989.712;38215.215;38816.125;32595.314;35040.210;38288.856;38491.573
A;NRGSUP;H8000;KTOE;FR;0;0;0;0;0;0;0;0;0;0;0;0
A;NRGSUP;N900H;KTOE;FR;116128.375;113429.923;113356.922;106857.000;111612.000;115209.000;110863.000;110414.000;113747.000;113996.000;105078.000;103860.000
A;NRGSUP;O4000XBIO;KTOE;FR;87385.122;85941.819;83644.700;80782.154;77072.375;78948.226;76610.222;74797.726;74172.245;74882.207;72375.763;72650.206
A;NRGSUP;P1000;KTOE;FR;0;0;0;0;0;0;0;0;0;0;0;0
A;NRGSUP;RA000;KTOE;FR;15733.783;17179.998;19518.949;19909.923;22317.340;19455.169;22953.109;25517.682;23796.968;24608.484;26825.438;26586.972
A;NRGSUP;S2000;KTOE;FR;0;0;0;0;0;0;0;0;0;0;0;0
A;NRGSUP;TOTAL;KTOE;FR;267499.649;264754.971;266197.224;256133.201;264191.956;258260.091;258689.997;259990.835;249757.536;253779.018;249607.482;249541.904
A;NRGSUP;W6100_6220;KTOE;FR;1021.783;1105.746;1156.652;1235.426;1251.209;1208.609;1323.759;1344.528;1347.600;1414.473;1480.485;1491.390
A;NRGSUP;C0000X0350-0370;KTOE;GE;: ;: ;: ;: ;: ;: ;: ;315.223;290.868;271.769;261.649;291.568
A;NRGSUP;C0350-0370;KTOE;GE;: ;: ;: ;: ;: ;: ;: ;0;0;0;0;0
A;NRGSUP;E7000;KTOE;GE;: ;: ;: ;: ;: ;: ;: ;2.923;21.410;3.353;-6.879;69.776
A;NRGSUP;G3000;KTOE;GE;: ;: ;: ;: ;: ;: ;: ;1387.661;1833.878;2016.466;1890.864;1959.409
A;NRGSUP;H8000;KTOE;GE;: ;: ;: ;: ;: ;: ;: ;0;0;0;0;0
A;NRGSUP;N900H;KTOE;GE;: ;: ;: ;: ;: ;: ;: ;0;0;0;0;0
A;NRGSUP;O4000XBIO;KTOE;GE;: ;: ;: ;: ;: ;: ;: ;983.904;1045.581;1196.785;1432.212;1294.196
A;NRGSUP;P1000;KTOE;GE;: ;: ;: ;: ;: ;: ;: ;0;0;0;0;0
A;NRGSUP;RA000;KTOE;GE;: ;: ;: ;: ;: ;: ;: ;1207.756;1198.558;1143.583;1209.723;1183.551
A;NRGSUP;S2000;KTOE;GE;: ;: ;: ;: ;: ;: ;: ;0;0;0;0;0
A;NRGSUP;TOTAL;KTOE;GE;: ;: ;: ;: ;: ;: ;: ;3897.468;4390.295;4631.957;4787.569;4798.500
A;NRGSUP;W6100_6220;KTOE;GE;: ;: ;: ;: ;: ;: ;: ;0;0;0;0;0
A;NRGSUP;C0000X0350-0370;KTOE;HR;634.679;689.048;709.104;506.723;682.699;702.722;631.278;675.106;646.682;605.788;651.006;392.335
A;NRGSUP;C0350-0370;KTOE;HR;0;0;0;0;0;0;0;0;0;0;0;0
A;NRGSUP;E7000;KTOE;HR;430.353;507.051;516.939;430.181;341.187;615.219;638.951;332.674;339.897;583.749;475.580;597.911
A;NRGSUP;G3000;KTOE;HR;2350.731;2701.096;2576.763;2403.267;2632.352;2570.228;2413.242;2281.857;2019.411;2081.900;2170.550;2493.265
A;NRGSUP;H8000;KTOE;HR;0;0;0;0;0;0;0;0;0;0;0;0
A;NRGSUP;N900H;KTOE;HR;0;0;0;0;0;0;0;0;0;0;0;0
A;NRGSUP;O4000XBIO;KTOE;HR;4528.080;4617.425;4358.197;4287.831;3630.428;3544.944;3162.094;3040.092;2997.212;3131.831;3131.087;3329.083
A;NRGSUP;P1000;KTOE;HR;0;0;0;0;0;0;0;0;0;0;0;0
A;NRGSUP;RA000;KTOE;HR;1732.507;1536.852;1631.261;1829.076;2064.317;1704.202;1747.838;2082.299;2004.617;1960.016;2002.282;1894.255
A;NRGSUP;S2000;KTOE;HR;0;0;0;0;0;0;0;0;0;0;0;0
A;NRGSUP;TOTAL;KTOE;HR;9680.911;10057.898;9800.767;9465.987;9358.602;9141.591;8601.547;8420.770;8017.970;8372.599;8440.656;8718.377
A;NRGSUP;W6100_6220;KTOE;HR;4.562;6.425;8.503;8.909;7.619;4.275;8.145;8.742;10.151;9.315;10.151;11.529
A;NRGSUP;C0000X0350-0370;KTOE;HU;3075.920;3128.537;3037.988;2559.692;2703.315;2708.427;2604.277;2265.987;2208.787;2359.386;2189.208;2234.721
A;NRGSUP;C0350-0370;KTOE;HU;0;0;0;0;0;0;0;0;0;0;0;0
A;NRGSUP;E7000;KTOE;HU;619.690;342.734;335.598;474.033;446.690;571.195;685.039;1021.238;1151.333;1176.784;1092.949;1107.309
A;NRGSUP;G3000;KTOE;HU;11456.771;10704.837;10560.834;9151.892;9815.499;9353.934;8376.956;7704.063;6981.621;7489.854;8027.709;8541.831
A;NRGSUP;H8000;KTOE;HU;0;0;0;0;0;0;0;0;0;0;0;0
A;NRGSUP;N900H;KTOE;HU;3514.875;3824.678;3862.052;3878.000;3963.000;3964.900;3986.100;3869.500;3937.400;3994.300;4070.700;4084.000
A;NRGSUP;O4000XBIO;KTOE;HU;7496.429;7420.575;7043.052;6929.901;6568.824;6244.663;5910.154;5701.911;6410.819;6856.338;6848.753;7371.988
A;NRGSUP;P1000;KTOE;HU;0;0;0;0;0;0;0;0;0;0;0;0
A;NRGSUP;RA000;KTOE;HU;1704.557;1883.101;1992.722;2542.546;2777.522;2886.419;2952.757;3111.544;2860.074;3019.564;3005.126;2952.171
A;NRGSUP;S2000;KTOE;HU;0;0;0;0;0;0;0;0;0;0;0;0
A;NRGSUP;TOTAL;KTOE;HU;27942.692;27378.742;26900.317;25609.629;26362.697;25829.901;24604.467;23757.386;23652.498;25028.546;25392.489;26455.940
A;NRGSUP;W6100_6220;KTOE;HU;74.448;74.281;68.071;73.565;87.848;100.363;89.185;83.142;102.465;132.321;158.044;163.920
A;NRGSUP;C0000X0350-0370;KTOE;IE;1630.778;1599.077;1409.551;1145.248;1231.381;1231.615;1485.090;1311.366;1233.088;1425.561;1369.653;1098.852
A;NRGSUP;C0350-0370;KTOE;IE;0;0;0;0;0;0;0;0;0;0;0;0
A;NRGSUP;E7000;KTOE;IE;152.870;114.390;38.712;65.671;40.441;42.141;35.552;192.794;184.786;57.899;-61.199;-58.341
A;NRGSUP;G3000;KTOE;IE;3958.180;4249.754;4517.902;4269.075;4701.814;4137.314;4031.367;3852.828;3732.229;3758.965;4246.671;4312.569
A;NRGSUP;H8000;KTOE;IE;0;0;0;0;0;0;0;0;0;0;0;0
A;NRGSUP;N900H;KTOE;IE;0;0;0;0;0;0;0;0;0;0;0;0
A;NRGSUP;O4000XBIO;KTOE;IE;7806.976;7861.684;7449.263;7365.712;7097.897;6254.375;5934.924;6106.158;5866.444;6157.146;6521.648;6165.491
A;NRGSUP;P1000;KTOE;IE;734.055;807.015;1002.672;1069.854;616.129;704.419;1115.474;385.659;672.277;761.779;773.154;673.294
A;NRGSUP;RA000;KTOE;IE;423.317;478.624;574.128;663.031;663.348;767.104;778.261;840.604;959.541;1073.792;1103.011;1318.749
A;NRGSUP;S2000;KTOE;IE;0;0;0;0;0;0;0;0;0;0;0;0
A;NRGSUP;TOTAL;KTOE;IE;14706.176;15110.544;14992.228;14591.503;14359.561;13151.149;13426.391;12750.798;12714.468;13303.941;14019.593;13636.986
A;NRGSUP;W6100_6220;KTOE;IE;0;0;0;12.912;8.552;14.183;45.722;61.390;66.104;68.799;66.655;126.372
A;NRGSUP;C0000X0350-0370;KTOE;IS;88.918;106.546;93.410;85.403;90.126;90.730;92.641;97.595;86.743;93.004;99.000;99.158
A;NRGSUP;C0350-0370;KTOE;IS;0;0;0;0;0;0;0;0;0;0;0;0
A;NRGSUP;E7000;KTOE;IS;0;0;0;0;0;0;0;0;0;0;0;0
A;NRGSUP;G3000;KTOE;IS;0;0;0;0;0;0;0;0;0;0;0;0
A;NRGSUP;H8000;KTOE;IS;0;0;0;0;0;0;0;0;0;0;0;0
A;NRGSUP;N900H;KTOE;IS;0;0;0;0;0;0;0;0;0;0;0;0
A;NRGSUP;O4000XBIO;KTOE;IS;819.939;785.528;916.113;906.602;537.186;506.649;494.731;518.339;558.735;563.929;579.233;565.347
A;NRGSUP;P1000;KTOE;IS;0;0;0;0;0;0;0;0;0;0;0;338
A;NRGSUP;RA000;KTOE;IS;3105.302;3849.753;4506.109;4730.716;4790.472;5199.093;5070.663;5284.194;5234.643;4941.554;4620.607;4825.854
A;NRGSUP;S2000;KTOE;IS;0;0;0;0;0;0;0;0;0;0;0;0
A;NRGSUP;TOTAL;KTOE;IS;4014.995;4744.836;5517.470;5723.199;5418.214;5796.473;5658.035;5900.127;5880.121;5598.487;5298.841;5490.697
A;NRGSUP;W6100_6220;KTOE;IS;836;3.009;1.839;478;430;0;0;0;0;0;0;0
A;NRGSUP;C0000X0350-0370;KTOE;IT;16673.366;16327.822;15798.414;12368.336;13673.981;15331.374;15714.641;13536.181;13058.829;12299.680;10983.003;9341.797
A;NRGSUP;C0350-0370;KTOE;IT;0;0;0;0;0;0;0;0;0;0;0;0
A;NRGSUP;E7000;KTOE;IT;3868.014;3979.622;3442.390;3865.778;3797.077;3932.244;3706.191;3623.216;3758.899;3987.790;3183.749;3246.831
A;NRGSUP;G3000;KTOE;IT;69191.810;69530.868;69519.411;63901.913;68056.664;63814.144;61355.610;57386.715;50706.083;55301.505;58079.579;61549.023
A;NRGSUP;H8000;KTOE;IT;0;0;0;0;0;0;0;0;0;0;0;0
A;NRGSUP;N900H;KTOE;IT;0;0;0;0;0;0;0;0;0;0;0;0
A;NRGSUP;O4000XBIO;KTOE;IT;78918.985;76585.614;72516.843;67609.986;65244.039;62703.462;55546.904;53335.433;51576.017;53556.376;51534.412;52000.539
A;NRGSUP;P1000;KTOE;IT;0;0;0;0;0;0;0;0;0;0;0;0
A;NRGSUP;RA000;KTOE;IT;15326.492;16945.996;19707.179;21026.557;21864.302;21025.853;23884.740;26370.626;26512.291;26268.728;26017.945;28821.095
A;NRGSUP;S2000;KTOE;IT;0;0;0;0;0;0;0;0;0;0;0;0
A;NRGSUP;TOTAL;KTOE;IT;184744.669;184195.636;181736.195;169574.949;173677.121;167942.217;161340.359;155390.152;146769.878;152563.310;150981.834;156093.486
A;NRGSUP;W6100_6220;KTOE;IT;766.003;825.714;751.959;802.379;1041.058;1135.139;1132.273;1137.981;1157.758;1149.231;1183.147;1134.201
A;NRGSUP;C0000X0350-0370;KTOE;LT;233.000;222.385;189.448;144.760;182.001;210.410;200.168;227.067;195.934;160.293;159.335;163.209
A;NRGSUP;C0350-0370;KTOE;LT;0;0;0;0;0;0;0;0;0;0;0;0
A;NRGSUP;E7000;KTOE;LT;-36.801;-117.971;-82.287;-252.107;515.047;579.450;569.132;597.248;655.460;619.776;711.522;746.105
A;NRGSUP;G3000;KTOE;LT;2454.063;2891.617;2595.636;2181.298;2491.788;2718.035;2654.041;2164.510;2064.510;2067.476;1841.595;1921.432
A;NRGSUP;H8000;KTOE;LT;0;0;0;0;0;0;0;0;0;0;0;0
A;NRGSUP;N900H;KTOE;LT;2374.362;2674.534;2686.687;2938.679;0;0;0;0;0;0;0;0
A;NRGSUP;O4000XBIO;KTOE;LT;2638.992;2626.240;2880.633;2458.730;2503.030;2408.703;2462.724;2425.192;2440.464;2518.480;2737.061;2805.313
A;NRGSUP;P1000;KTOE;LT;17.922;26.379;21.438;22.300;23.963;28.911;33.358;40.954;30.779;20.416;24.954;33.584
A;NRGSUP;RA000;KTOE;LT;930.740;964.027;1021.128;1051.982;1064.962;1056.563;1161.338;1212.249;1277.003;1419.013;1464.352;1562.689
A;NRGSUP;S2000;KTOE;LT;0;0;0;0;0;0;0;0;0;0;0;0
A;NRGSUP;TOTAL;KTOE;LT;8612.277;9287.212;9312.682;8545.642;6780.792;7002.072;7080.761;6682.100;6682.206;6827.977;6988.092;7265.986
A;NRGSUP;W6100_6220;KTOE;LT;0;0;0;0;0;0;0;14.880;18.057;22.523;49.274;33.653
A;NRGSUP;C0000X0350-0370;KTOE;LU;92.596;78.350;74.916;66.908;67.036;58.361;53.730;47.910;53.393;49.137;52.384;45.331
A;NRGSUP;C0350-0370;KTOE;LU;0;0;0;0;0;0;0;0;0;0;0;0
A;NRGSUP;E7000;KTOE;LU;305.846;340.476;373.718;293.894;349.393;385.379;353.424;425.108;420.790;481.454;541.591;531.216
A;NRGSUP;G3000;KTOE;LU;1230.379;1148.455;1093.222;1112.462;1196.587;1032.268;1051.051;889.903;843.156;768.937;709.116;693.134
A;NRGSUP;H8000;KTOE;LU;0;0;0;0;0;0;0;0;0;0;0;0
A;NRGSUP;N900H;KTOE;LU;0;0;0;0;0;0;0;0;0;0;0;0
A;NRGSUP;O4000XBIO;KTOE;LU;2577.633;2469.914;2489.643;2321.914;2441.301;2530.807;2458.586;2410.305;2278.401;2178.872;2125.195;2182.127
A;NRGSUP;P1000;KTOE;LU;0;0;0;0;0;0;0;0;0;0;0;0
A;NRGSUP;RA000;KTOE;LU;75.914;128.944;133.724;125.540;129.858;127.495;139.386;156.031;190.281;210.218;224.193;274.567
A;NRGSUP;S2000;KTOE;LU;0;0;0;0;0;0;0;0;0;0;0;0
A;NRGSUP;TOTAL;KTOE;LU;4319.246;4199.053;4200.329;3948.820;4214.963;4166.263;4088.457;3962.772;3818.703;3722.493;3686.316;3763.316
A;NRGSUP;W6100_6220;KTOE;LU;36.878;32.914;35.106;28.100;30.787;31.954;32.280;33.515;32.683;33.875;33.836;36.941
A;NRGSUP;C0000X0350-0370;KTOE;LV;85.252;104.013;104.652;84.612;106.504;109.635;90.975;70.895;58.864;46.258;40.313;40.385
A;NRGSUP;C0350-0370;KTOE;LV;0;0;0;0;0;0;0;0;0;0;0;0
A;NRGSUP;E7000;KTOE;LV;215.649;257.954;216.681;142.218;75.064;107.051;145.400;116.509;199.226;156.578;88.822;-5.517
A;NRGSUP;G3000;KTOE;LV;1406.621;1359.566;1333.083;1227.193;1461.887;1288.414;1211.156;1204.686;1081.642;1098.388;1113.285;992.952
A;NRGSUP;H8000;KTOE;LV;0;0;0;0;0;0;0;0;0;0;0;0
A;NRGSUP;N900H;KTOE;LV;0;0;0;0;0;0;0;0;0;0;0;0
A;NRGSUP;O4000XBIO;KTOE;LV;1555.779;1669.658;1557.731;1383.887;1403.332;1282.281;1263.697;1284.825;1323.724;1378.479;1365.476;1421.685
A;NRGSUP;P1000;KTOE;LV;1.680;2.160;2.160;720;2.400;960;720;1.920;720;240;720;659
A;NRGSUP;RA000;KTOE;LV;1430.842;1406.913;1377.473;1566.912;1434.397;1417.638;1651.431;1611.375;1613.366;1537.122;1623.757;1935.159
A;NRGSUP;S2000;KTOE;LV;0;0;0;0;0;0;0;0;0;0;0;0
A;NRGSUP;TOTAL;KTOE;LV;4698.953;4805.279;4596.796;4407.645;4511.793;4259.457;4419.055;4343.138;4342.844;4272.070;4269.059;4411.427
A;NRGSUP;W6100_6220;KTOE;LV;3.129;5.016;5.016;2.102;28.208;53.478;55.675;52.928;65.300;55.006;36.687;26.104
A;NRGSUP;C0000X0350-0370;KTOE;ME;318.965;251.418;376.662;206.281;419.716;424.336;381.000;367.802;358.563;378.361;299.389;304.184
A;NRGSUP;C0350-0370;KTOE;ME;0;0;0;0;0;0;0;0;0;0;0;0
A;NRGSUP;E7000;KTOE;ME;160.447;222.442;152.709;90.714;172;134.308;104.213;-29.665;22.442;44.970;26.139;96.320
A;NRGSUP;G3000;KTOE;ME;0;0;0;0;0;0;0;0;0;0;0;0
A;NRGSUP;H8000;KTOE;ME;0;0;0;0;0;0;0;0;0;0;0;0
A;NRGSUP;N900H;KTOE;ME;0;0;0;0;0;0;0;0;0;0;0;0
A;NRGSUP;O4000XBIO;KTOE;ME;359.969;395.522;404.015;327.856;309.541;287.332;269.077;260.248;260.220;278.889;309.994;338.961
A;NRGSUP;P1000;KTOE;ME;0;0;0;0;0;0;0;0;0;0;0;0
A;NRGSUP;RA000;KTOE;ME;296.790;262.931;284.786;337.575;397.463;277.937;303.652;383.534;315.700;308.766;332.504;277.301
A;NRGSUP;S2000;KTOE;ME;0;0;0;0;0;0;0;0;0;0;0;0
A;NRGSUP;TOTAL;KTOE;ME;1136.171;1132.313;1218.171;962.426;1126.893;1123.912;1057.942;981.919;956.925;1010.985;968.026;1016.766
A;NRGSUP;W6100_6220;KTOE;ME;0;0;0;0;0;0;0;0;0;0;0;0
A;NRGSUP;C0000X0350-0370;KTOE;MK;1418.255;1469.020;1480.959;1338.372;1304.849;1459.780;1397.659;1162.993;1083.575;948.274;880.256;980.019
A;NRGSUP;C0350-0370;KTOE;MK;0;0;0;0;0;0;0;0;0;0;0;0
A;NRGSUP;E7000;KTOE;MK;154.342;214.187;234.996;123.646;122.098;230.095;229.493;208.856;254.514;216.079;174.613;170.468
A;NRGSUP;G3000;KTOE;MK;67.111;85.641;97.377;64.510;95.550;110.297;114.467;129.557;111.156;111.973;176.053;226.419
A;NRGSUP;H8000;KTOE;MK;0;0;0;0;0;0;0;0;0;0;0;0
A;NRGSUP;N900H;KTOE;MK;0;0;0;0;0;0;0;0;0;0;0;0
A;NRGSUP;O4000XBIO;KTOE;MK;962.364;1035.800;938.533;970.832;937.751;974.145;927.332;902.292;892.299;955.821;1072.032;1018.694
A;NRGSUP;P1000;KTOE;MK;0;0;0;0;0;0;0;0;0;0;0;0
A;NRGSUP;RA000;KTOE;MK;359.093;288.409;274.129;316.837;413.889;343.903;327.182;368.578;353.278;409.336;377.641;345.818
A;NRGSUP;S2000;KTOE;MK;0;0;0;0;0;0;0;0;0;0;0;0
A;NRGSUP;TOTAL;KTOE;MK;2961.166;3093.057;3025.994;2814.197;2874.137;3118.220;2996.132;2772.277;2694.823;2641.484;2680.596;2741.418
A;NRGSUP;W6100_6220;KTOE;MK;0;0;0;0;0;0;0;0;0;0;0;0
A;NRGSUP;C0000X0350-0370;KTOE;MT;0;0;0;0;0;0;0;0;0;0;0;0
A;NRGSUP;C0350-0370;KTOE;MT;0;0;0;0;0;0;0;0;0;0;0;0
A;NRGSUP;E7000;KTOE;MT;0;0;0;0;0;0;0;0;0;90.628;131.126;74.064
A;NRGSUP;G3000;KTOE;MT;0;0;0;0;0;0;0;0;0;0;0;241.721
A;NRGSUP;H8000;KTOE;MT;0;0;0;0;0;0;0;0;0;0;0;0
A;NRGSUP;N900H;KTOE;MT;0;0;0;0;0;0;0;0;0;0;0;0
A;NRGSUP;O4000XBIO;KTOE;MT;847.034;864.426;878.805;803.095;831.614;823.493;869.662;759.673;758.169;531.098;438.473;333.708
A;NRGSUP;P1000;KTOE;MT;0;0;0;0;0;0;0;0;0;0;0;0
A;NRGSUP;RA000;KTOE;MT;645;788;908;931;5.058;8.261;11.816;12.715;18.570;20.170;24.610;40.282
A;NRGSUP;S2000;KTOE;MT;0;0;0;0;0;0;0;0;0;0;0;0
A;NRGSUP;TOTAL;KTOE;MT;847.678;865.214;879.712;804.027;836.672;831.754;881.478;772.388;776.739;641.896;594.210;689.774
A;NRGSUP;W6100_6220;KTOE;MT;0;0;0;0;0;0;0;0;0;0;0;0
A;NRGSUP;C0000X0350-0370;KTOE;NL;7883.511;8409.789;7973.860;7461.870;7541.217;7439.357;8152.076;8124.700;9006.792;10915.406;10145.944;9147.550
A;NRGSUP;C0350-0370;KTOE;NL;0;0;0;0;0;0;0;0;0;0;0;0
A;NRGSUP;E7000;KTOE;NL;1845.142;1514.101;1362.941;420.550;238.607;781.513;1471.183;1568.100;1266.294;752.204;422.560;301.480
A;NRGSUP;G3000;KTOE;NL;34243.336;33335.727;34656.535;35492.498;40066.402;35043.465;33486.199;33380.790;29102.830;28628.600;30031.474;30910.303
A;NRGSUP;H8000;KTOE;NL;0;0;0;0;0;0;0;0;0;0;0;0
A;NRGSUP;N900H;KTOE;NL;894.841;1083.405;1075.408;980.000;917.400;959.200;920.000;656.200;941.300;937.400;916.100;789.500
A;NRGSUP;O4000XBIO;KTOE;NL;31375.851;31428.314;29614.408;28640.053;29941.096;28511.080;28798.800;27577.237;26722.478;26558.596;27561.126;27995.845
A;NRGSUP;P1000;KTOE;NL;0;0;0;0;0;0;0;0;0;0;0;0
A;NRGSUP;RA000;KTOE;NL;2435.491;2547.558;2948.988;3317.892;3315.370;3511.643;3633.094;3538.926;3555.653;3759.627;3899.947;4270.452
A;NRGSUP;S2000;KTOE;NL;0;0;0;0;0;0;0;0;0;0;0;0
A;NRGSUP;TOTAL;KTOE;NL;79366.861;79039.373;78391.575;77057.298;82744.630;77006.410;77208.128;75641.095;71414.612;72348.575;73837.425;74271.156
A;NRGSUP;W6100_6220;KTOE;NL;688.688;720.479;759.434;744.435;724.539;760.151;746.776;795.142;819.265;796.742;860.275;856.025
A;NRGSUP;C0000X0350-0370;KTOE;NO;713.426;804.865;859.334;561.211;763.139;846.178;816.456;775.182;850.024;820.897;757.636;847.705
A;NRGSUP;C0350-0370;KTOE;NO;0;0;0;0;0;0;0;0;0;0;0;0
A;NRGSUP;E7000;KTOE;NO;73.431;-862.855;-1192.003;-772.399;649.097;-264.402;-1531.814;-430.439;-1340.069;-1259.243;-1411.092;-1303.955
A;NRGSUP;G3000;KTOE;NO;4023.044;4867.433;7189.273;6968.035;6280.288;5139.058;5436.952;5651.505;5779.041;6106.793;5536.221;4646.453
A;NRGSUP;H8000;KTOE;NO;0;0;0;0;0;0;0;0;0;0;0;0
A;NRGSUP;N900H;KTOE;NO;0;0;0;0;0;0;0;0;0;0;0;0
A;NRGSUP;O4000XBIO;KTOE;NO;10599.241;9737.517;11731.993;12365.474;13104.247;10196.499;12026.731;13794.693;9821.966;9673.986;8215.037;11099.001
A;NRGSUP;P1000;KTOE;NO;0;0;0;0;0;0;0;0;0;0;0;0
A;NRGSUP;RA000;KTOE;NO;11697.935;12972.706;13570.649;12404.987;11990.394;12338.611;14175.296;12941.764;13362.856;13673.911;14335.186;14509.243
A;NRGSUP;S2000;KTOE;NO;0;0;0;0;0;0;0;0;0;0;0;0
A;NRGSUP;TOTAL;KTOE;NO;27211.714;27625.929;32273.582;31644.917;32949.032;28443.080;31137.078;32969.186;28718.421;29273.628;27681.531;30050.907
A;NRGSUP;W6100_6220;KTOE;NO;104.638;106.263;114.336;117.608;161.866;187.136;213.457;236.481;244.602;257.285;248.543;252.460
A;NRGSUP;C0000X0350-0370;KTOE;PL;57227.418;55783.848;54786.807;51172.610;55222.218;54638.924;50261.754;53190.541;49272.847;48374.764;49536.593;49672.001
A;NRGSUP;C0350-0370;KTOE;PL;0;0;0;0;0;0;0;0;0;0;0;0
A;NRGSUP;E7000;KTOE;PL;-944.626;-459.845;-57.524;-188.392;-116.423;-450.731;-244.196;-388.736;186.242;-28.719;171.883;196.647
A;NRGSUP;G3000;KTOE;PL;12581.535;12494.604;12565.886;12062.360;12804.729;12836.393;13680.288;13735.834;13404.428;13775.774;14633.405;15444.781
A;NRGSUP;H8000;KTOE;PL;0;0;0;0;0;0;0;0;0;0;0;0
A;NRGSUP;N900H;KTOE;PL;0;0;0;0;0;0;0;0;0;0;0;0
A;NRGSUP;O4000XBIO;KTOE;PL;23239.567;23801.190;24619.412;24083.087;25447.893;25670.248;24730.341;22418.500;22090.585;23425.213;25885.275;29120.467
A;NRGSUP;P1000;KTOE;PL;0;0;0;0;0;0;0;0;0;0;0;0
A;NRGSUP;RA000;KTOE;PL;4694.944;4823.745;5559.413;6265.283;7293.909;7966.178;8644.125;8606.385;8652.992;9019.135;8805.893;8920.446
A;NRGSUP;S2000;KTOE;PL;0;0;0;0;0;0;0;0;0;0;0;0
A;NRGSUP;TOTAL;KTOE;PL;97081.250;96678.136;97714.536;93751.187;101049.861;101101.611;97491.774;98013.536;94121.759;95089.646;99774.569;104229.021
A;NRGSUP;W6100_6220;KTOE;PL;282.411;234.594;240.542;356.239;397.535;440.599;419.461;451.013;514.665;523.479;741.521;874.680
A;NRGSUP;C0000X0350-0370;KTOE;PT;3309.087;2887.039;2525.757;2861.156;1657.624;2208.385;2934.351;2650.161;2680.395;3258.283;2846.447;3227.148
A;NRGSUP;C0350-0370;KTOE;PT;0;0;0;0;0;0;0;0;0;0;0;0
A;NRGSUP;E7000;KTOE;PT;467.842;643.852;810.920;410.662;225.537;241.874;678.848;238.693;77.644;194.841;-437.231;-230.780
A;NRGSUP;G3000;KTOE;PT;3639.596;3808.362;4138.521;4217.218;4488.521;4463.650;3932.631;3755.868;3473.345;4050.905;4322.891;5415.396
A;NRGSUP;H8000;KTOE;PT;0;0;0;0;0;0;0;0;0;0;0;0
A;NRGSUP;N900H;KTOE;PT;0;0;0;0;0;0;0;0;0;0;0;0
A;NRGSUP;O4000XBIO;KTOE;PT;13547.617;13394.354;12772.308;11932.567;11502.843;10609.465;9384.672;9342.854;9235.853;9308.378;9209.151;9267.168
A;NRGSUP;P1000;KTOE;PT;0;0;0;0;0;0;0;0;0;0;0;0
A;NRGSUP;RA000;KTOE;PT;4211.650;4480.646;4329.371;4786.514;5459.156;5140.527;4354.559;5301.000;5512.720;4965.750;5625.478;4831.901
A;NRGSUP;S2000;KTOE;PT;0;0;0;0;0;0;0;0;0;0;0;0
A;NRGSUP;TOTAL;KTOE;PT;25320.891;25347.648;24709.699;24347.794;23492.371;22843.991;21436.776;21458.108;21149.920;21933.287;21774.723;22709.088
A;NRGSUP;W6100_6220;KTOE;PT;145.099;133.395;132.822;139.677;158.689;180.090;151.715;169.533;169.963;155.130;207.987;198.255
A;NRGSUP;C0000X0350-0370;KTOE;RO;9479.571;10091.609;9557.406;7519.507;6948.709;8092.644;7560.015;5708.308;5727.532;5892.232;5277.933;5388.666
A;NRGSUP;C0350-0370;KTOE;RO;0;0;0;0;0;0;0;0;0;0;0;0
A;NRGSUP;E7000;KTOE;RO;-367.412;-179.708;-365.262;-197.334;-195.529;-163.887;21.754;-173.345;-612.726;-578.504;-431.384;-248.807
A;NRGSUP;G3000;KTOE;RO;14198.667;12761.995;12159.458;10580.353;10788.392;11105.052;10777.386;9838.951;9349.205;8917.304;9023.741;9620.010
A;NRGSUP;H8000;KTOE;RO;0;0;0;0;0;0;0;0;0;0;0;0
A;NRGSUP;N900H;KTOE;RO;1452.794;1988.564;2895.787;2979.600;2922.800;2978.900;3008.500;2922.200;2941.200;2940.100;2810.700;2907.000
A;NRGSUP;O4000XBIO;KTOE;RO;10311.899;10159.916;9811.442;8474.760;8494.896;8510.437;8260.990;7806.823;7754.097;8390.984;8508.722;9297.026
A;NRGSUP;P1000;KTOE;RO;5.878;5.249;8.188;9.028;8.398;8.188;420;7.978;6.928;8.188;9.447;11.862
A;NRGSUP;RA000;KTOE;RO;4780.888;4747.786;5343.367;5269.013;5860.351;5069.790;5195.078;5550.959;6123.642;5973.120;6188.663;6040.457
A;NRGSUP;S2000;KTOE;RO;0;0;0;0;0;0;0;0;0;0;0;0
A;NRGSUP;TOTAL;KTOE;RO;39943.185;39681.172;39485.216;34656.040;34858.494;35629.857;34851.562;31702.860;31359.765;31615.412;31467.357;33109.136
A;NRGSUP;W6100_6220;KTOE;RO;80.897;105.761;74.830;21.114;30.477;28.733;27.420;40.986;69.886;71.988;79.536;92.922
A;NRGSUP;C0000X0350-0370;KTOE;RS;8759.552;8632.068;8943.622;8018.740;7752.569;8758.448;7621.410;7909.813;6261.011;7740.245;7917.648;7872.652
A;NRGSUP;C0350-0370;KTOE;RS;0;0;0;0;0;0;0;0;0;0;0;0
A;NRGSUP;E7000;KTOE;RS;-69.647;-7.395;6.277;-122.528;-25.537;-23.904;33.448;-218.143;134.394;-78.934;-165.262;70.942
A;NRGSUP;G3000;KTOE;RS;1991.660;2011.156;2001.806;1395.034;1853.375;1902.601;1677.859;1866.552;1608.942;1750.344;1891.359;2117.183
A;NRGSUP;H8000;KTOE;RS;0;0;0;0;0;0;0;0;0;0;0;0
A;NRGSUP;N900H;KTOE;RS;0;0;0;0;0;0;0;0;0;0;0;0
A;NRGSUP;O4000XBIO;KTOE;RS;4633.458;4288.815;4237.748;3927.530;3919.615;3846.448;3390.486;3407.901;3276.263;3400.616;3667.107;3669.565
A;NRGSUP;P1000;KTOE;RS;0;0;0;0;0;0;0;0;0;0;0;0
A;NRGSUP;RA000;KTOE;RS;1692.487;1617.634;1633.309;1966.791;2054.829;1785.664;1843.403;1929.281;2005.861;1931.442;2001.067;1884.235
A;NRGSUP;S2000;KTOE;RS;0;0;0;0;0;0;0;0;0;0;0;0
A;NRGSUP;TOTAL;KTOE;RS;17012.047;16553.003;16822.905;15187.789;15564.119;16276.137;14566.606;14895.691;13286.877;14744.071;15312.466;15615.595
A;NRGSUP;W6100_6220;KTOE;RS;4.538;10.724;143;2.221;9.267;6.879;0;287;406;358;549;1.019
A;NRGSUP;C0000X0350-0370;KTOE;SE;2420.538;2403.514;2067.486;1583.081;2139.284;2159.931;1940.820;1986.522;1932.970;1980.216;1906.102;1910.165
A;NRGSUP;C0350-0370;KTOE;SE;0;0;0;0;0;0;0;0;0;0;0;0
A;NRGSUP;E7000;KTOE;SE;519.347;113.156;-168.616;402.837;178.676;-621.926;-1682.975;-860.017;-1343.336;-1943.250;-1009.028;-1633.018
A;NRGSUP;G3000;KTOE;SE;881.857;910.533;826.526;1089.510;1465.929;1158.641;1006.599;955.288;794.046;723.603;818.229;919.583
A;NRGSUP;H8000;KTOE;SE;0;0;0;0;0;0;0;0;0;0;0;0
A;NRGSUP;N900H;KTOE;SE;17276.956;17274.893;16480.396;12881.000;14498.000;15252.000;15632.000;15996.000;16362.000;15532.000;15699.000;16351.000
A;NRGSUP;O4000XBIO;KTOE;SE;13390.917;12860.270;13438.791;11768.575;13853.421;13680.873;12520.185;11840.109;11550.722;9977.814;11610.925;10139.108
A;NRGSUP;P1000;KTOE;SE;267.616;272.386;362.393;344.031;350.760;331.002;253.110;230.805;168.348;135.511;144.205;135.427
A;NRGSUP;RA000;KTOE;SE;14414.344;15196.923;15603.447;15833.664;17000.698;17699.310;19934.962;18384.918;18700.818;20521.574;19861.120;20923.882
A;NRGSUP;S2000;KTOE;SE;0;0;0;0;0;0;0;0;0;0;0;0
A;NRGSUP;TOTAL;KTOE;SE;49690.181;49432.172;49044.884;44353.281;50001.910;50164.418;50135.966;49106.402;48758.025;47550.951;49816.380;49571.049
A;NRGSUP;W6100_6220;KTOE;SE;518.606;400.497;434.461;450.583;515.143;504.586;531.265;572.776;592.457;623.483;785.827;824.902
A;NRGSUP;C0000X0350-0370;KTOE;SI;1564.647;1598.304;1535.812;1427.021;1453.379;1464.658;1392.884;1351.998;1048.665;1067.887;1147.378;1140.425
A;NRGSUP;C0350-0370;KTOE;SI;0;0;0;0;0;0;0;0;0;0;0;0
A;NRGSUP;E7000;KTOE;SI;3.783;19.690;-137.489;-263.027;-182.287;-117.971;-89.338;-110.920;-235.856;-4.127;-101.118;-44.339
A;NRGSUP;G3000;KTOE;SI;899.248;914.187;878.697;831.535;862.833;737.618;710.082;691.853;626.010;664.316;705.052;738.634
A;NRGSUP;H8000;KTOE;SI;0;0;0;0;0;0;0;0;0;0;0;0
A;NRGSUP;N900H;KTOE;SI;1431.126;1469.046;1618.143;1354.700;1335.200;1470.500;1308.100;1250.900;1499.500;1332.200;1348.600;1488.100
A;NRGSUP;O4000XBIO;KTOE;SI;2628.263;2569.254;2981.282;2551.314;2574.864;2556.972;2481.706;2333.074;2301.323;2262.920;2381.046;2301.441
A;NRGSUP;P1000;KTOE;SI;0;0;0;0;0;0;0;0;0;0;0;0
A;NRGSUP;RA000;KTOE;SI;770.333;735.484;852.932;1079.494;1120.618;1039.789;1069.100;1174.450;1202.011;1052.011;1124.336;1079.069
A;NRGSUP;S2000;KTOE;SI;0;0;0;0;0;0;0;0;0;0;0;0
A;NRGSUP;TOTAL;KTOE;SI;7313.355;7318.744;7743.899;7000.814;7187.895;7180.897;6904.372;6726.059;6484.861;6418.247;6650.101;6754.418
A;NRGSUP;W6100_6220;KTOE;SI;15.955;12.778;14.522;19.776;23.287;29.330;31.838;34.704;43.207;43.040;44.807;51.087
A;NRGSUP;C0000X0350-0370;KTOE;SK;4456.386;4004.064;4008.782;3872.845;3897.234;3703.541;3476.952;3450.677;3424.027;3279.036;3222.080;3376.789
A;NRGSUP;C0350-0370;KTOE;SK;0;0;0;0;0;0;0;0;0;0;0;0
A;NRGSUP;E7000;KTOE;SK;-200.430;148.323;44.798;112.812;89.510;62.511;33.792;7.825;94.755;205.331;227.945;260.361
A;NRGSUP;G3000;KTOE;SK;5377.880;5089.338;5166.316;4424.334;5006.427;4637.059;4365.327;4558.040;3772.334;3879.450;3895.335;4136.694
A;NRGSUP;H8000;KTOE;SK;0;0;0;0;0;0;0;0;1.767;1.911;1.982;2.006
A;NRGSUP;N900H;KTOE;SK;4812.281;4101.275;4452.193;3783.000;3853.300;4027.000;4050.000;4110.500;4053.000;4028.000;3894.000;3985.000
A;NRGSUP;O4000XBIO;KTOE;SK;3175.396;3367.847;3538.090;3271.541;3463.513;3389.399;3184.630;3052.915;2804.791;3061.818;3277.015;3650.259
A;NRGSUP;P1000;KTOE;SK;0;0;0;0;0;0;0;0;0;0;0;0
A;NRGSUP;RA000;KTOE;SK;834.843;942.730;938.569;1131.067;1324.701;1292.287;1358.677;1409.267;1419.960;1575.786;1576.822;1591.880
A;NRGSUP;S2000;KTOE;SK;0;0;0;0;0;0;0;0;0;0;0;0
A;NRGSUP;TOTAL;KTOE;SK;18498.633;17705.813;18198.762;16644.395;17669.892;17151.350;16513.684;16714.736;15722.159;16221.978;16296.144;17207.894
A;NRGSUP;W6100_6220;KTOE;SK;42.276;52.236;50.014;48.796;35.206;39.553;44.306;125.514;151.524;190.647;200.965;204.906
A;NRGSUP;C0000X0350-0370;KTOE;TR;26339.992;29695.977;29181.241;30391.843;31094.639;33100.442;34668.155;29819.980;33884.132;34597.909;37870.214;40091.111
A;NRGSUP;C0350-0370;KTOE;TR;0;0;0;0;0;0;0;0;0;0;0;0
A;NRGSUP;E7000;KTOE;TR;-142.992;-133.964;-28.633;-63.113;-66.552;78.332;247.034;533.276;452.021;338.865;419.433;-49.476
A;NRGSUP;G3000;KTOE;TR;25972.743;30423.732;30192.433;28916.423;31394.991;36788.543;37261.887;37555.782;40204.536;39383.233;38261.801;44232.459
A;NRGSUP;H8000;KTOE;TR;0;0;0;0;0;0;0;0;0;0;0;0
A;NRGSUP;N900H;KTOE;TR;0;0;0;0;0;0;0;0;0;0;0;0
A;NRGSUP;O4000XBIO;KTOE;TR;30306.613;30626.546;29465.356;29089.047;30063.492;30439.863;32462.880;31941.506;32926.820;38639.681;42332.011;44652.998
A;NRGSUP;P1000;KTOE;TR;0;0;0;0;0;0;0;0;0;0;0;0
A;NRGSUP;RA000;KTOE;TR;10359.100;9603.859;9311.924;9916.200;11626.509;11222.918;12137.610;12974.656;12036.718;15657.665;17135.935;17738.858
A;NRGSUP;S2000;KTOE;TR;0;0;0;0;0;0;0;0;0;0;0;0
A;NRGSUP;TOTAL;KTOE;TR;92839.565;100219.995;98125.761;98253.839;104116.949;111635.710;116782.582;112829.595;119507.666;128649.884;136068.763;146724.375
A;NRGSUP;W6100_6220;KTOE;TR;4.108;3.845;3.439;3.439;3.869;5.613;5.016;4.395;3.439;32.531;49.369;58.424
A;NRGSUP;C0000X0350-0370;KTOE;UA;39968.842;42584.702;41686.625;35746.794;38130.913;41382.985;42448.739;41508.770;35508.976;29994.798;32329.406;25577.082
A;NRGSUP;C0350-0370;KTOE;UA;0;0;0;0;0;0;0;0;0;0;0;0
A;NRGSUP;E7000;KTOE;UA;-897.420;-788.564;-578.676;-367.068;-348.667;-540.843;-986.414;-850.387;-725.193;-116.079;-322.700;-445.056
A;NRGSUP;G3000;KTOE;UA;56427.365;55601.999;52819.927;40813.048;55249.957;46853.138;43035.103;39460.942;33450.301;26083.018;25600.064;24553.740
A;NRGSUP;H8000;KTOE;UA;0;0;0;0;0;0;0;0;0;0;0;0
A;NRGSUP;N900H;KTOE;UA;23273.861;24340.226;23633.534;21610.000;23234.000;23519.000;23490.000;21685.000;23035.000;22836.000;21096.000;22528.183
A;NRGSUP;O4000XBIO;KTOE;UA;14457.160;15217.266;14367.525;13901.865;13178.617;12446.202;11611.959;9895.834;10640.836;10504.467;11149.992;12642.177
A;NRGSUP;P1000;KTOE;UA;130.777;92.060;105.991;96.950;119.092;103.659;95.968;115.227;67.985;117.148;120.970;119.272
A;NRGSUP;RA000;KTOE;UA;1932.018;2386.110;2685.116;2581.908;2734.745;2636.245;2652.461;3173.289;2801.027;2705.213;3621.037;3909.539
A;NRGSUP;S2000;KTOE;UA;0;0;0;0;0;0;0;0;0;0;0;0
A;NRGSUP;TOTAL;KTOE;UA;135292.600;139433.799;134720.041;114383.498;132298.657;126400.387;122347.816;114988.675;104778.932;92124.564;93594.770;88944.817
A;NRGSUP;W6100_6220;KTOE;UA;0;0;0;0;0;0;0;0;0;0;0;59.879
A;NRGSUP;C0000X0350-0370;KTOE;UK;41146.212;39325.980;35978.363;29149.568;31873.870;30888.983;39325.920;36933.112;29588.080;24669.916;12349.662;9897.462
A;NRGSUP;C0350-0370;KTOE;UK;0;0;0;0;0;0;0;0;0;0;0;0
A;NRGSUP;E7000;KTOE;UK;646.346;448.409;947.807;246.002;228.805;535.082;1020.120;1240.843;1764.488;1814.751;1525.800;1269.126
A;NRGSUP;G3000;KTOE;UK;81062.360;81963.865;84899.355;78101.806;84817.433;70343.164;66385.361;65783.813;59939.596;61884.630;69487.059;67839.402
A;NRGSUP;H8000;KTOE;UK;0;0;0;0;0;0;0;0;0;0;0;0
A;NRGSUP;N900H;KTOE;UK;19462.855;16258.298;13538.951;15229.000;13947.000;15626.000;15206.000;15443.000;13850.000;15479.300;15413.800;15123.800
A;NRGSUP;O4000XBIO;KTOE;UK;71831.861;68245.150;66521.338;62837.853;63366.063;60078.878;59285.023;56804.113;58101.002;59962.390;60846.156;60417.156
A;NRGSUP;P1000;KTOE;UK;0;0;0;0;0;0;0;0;0;0;0;0
A;NRGSUP;RA000;KTOE;UK;4202.722;4529.945;5855.220;6580.559;7378.170;8175.451;8870.282;10813.339;12533.441;15656.540;16490.113;18241.145
A;NRGSUP;S2000;KTOE;UK;0;0;0;0;0;0;0;0;0;0;0;0
A;NRGSUP;TOTAL;KTOE;UK;218909.797;211364.701;208268.884;192688.975;202071.955;186386.165;190890.428;187638.193;176631.819;180474.407;177458.654;173981.103
A;NRGSUP;W6100_6220;KTOE;UK;557.442;593.054;527.849;544.186;460.614;738.607;797.721;619.972;855.212;1006.879;1346.064;1193.011
A;NRGSUP;C0000X0350-0370;KTOE;XK;1236.944;1292.481;1396.176;1585.114;1674.643;1622.899;1532.123;1555.560;1355.198;1557.613;1687.894;1418.006
A;NRGSUP;C0350-0370;KTOE;XK;0;0;0;0;0;0;0;0;0;0;0;0
A;NRGSUP;E7000;KTOE;XK;24.506;19.003;35.426;42.476;40.069;35.942;13.242;-29.407;42.218;11.264;-43.594;31.153
A;NRGSUP;G3000;KTOE;XK;0;0;0;0;0;0;0;0;0;0;0;0
A;NRGSUP;H8000;KTOE;XK;0;0;0;0;0;0;0;0;0;0;0;0
A;NRGSUP;N900H;KTOE;XK;0;0;0;0;0;0;0;0;0;0;0;0
A;NRGSUP;O4000XBIO;KTOE;XK;483.722;512.986;547.604;569.030;539.263;618.105;567.700;509.381;553.094;675.598;667.846;726.583
A;NRGSUP;P1000;KTOE;XK;0;0;0;0;0;0;0;0;0;0;0;0
A;NRGSUP;RA000;KTOE;XK;225.198;224.596;239.863;245.271;250.100;251.186;255.973;260.268;264.616;275.796;387.332;386.910
A;NRGSUP;S2000;KTOE;XK;0;0;0;0;0;0;0;0;0;0;0;0
A;NRGSUP;TOTAL;KTOE;XK;1970.370;2049.066;2219.069;2441.891;2504.075;2528.132;2369.037;2295.802;2215.126;2520.271;2699.478;2562.653
A;NRGSUP;W6100_6220;KTOE;XK;0;0;0;0;0;0;0;0;0;0;0;0